列車番号,列車名,設備,運転日,記事,始発,千葉_発,稲毛_発,津田沼_発,船橋_発,市川_発,新小岩_発,錦糸町_発,両国_着,馬喰町_発,新日本橋_発,東京_着,東京番線,東京_発,新橋_発,品川_発,西大井_発,武蔵小杉_発,新川崎_発,横浜_発,保土ケ谷_発,東戸塚_発,戸塚_発,大船_発,北鎌倉_発,鎌倉_発,逗子_発,東逗子_発,田浦_発,横須賀_発,衣笠_発,久里浜_着
429S,普通,グリーン車自由席,全日,,,,,,,,,,,,,,,,,0430,0435,0440,0443,0453,0456,0501,0505,0511,0514,0517,0528,0530,0534,0538,0543,0548
559S,普通,グリーン車自由席,全日,,,,,,,,,,,,,,,,,0503,0508,0513,0516,0526,0529,0534,0538,0544,0547,0550,0556,0559,0603,0606,0611,0617
649S,普通,グリーン車自由席,全日,,,,,,,,,,,,,,,,,,,,,,,,,0600,0603,0607,0617,0619,0623,0627,0632,0637
422F,快速,グリーン車自由席,全日,,,0445,0449,0456,0459,0505,0510,0515,||,0519,0521,0523,(1),,,,,,,,,,,,,,,,,,,
423S,普通,グリーン車自由席,全日,,,,,,,,,,,,,┐,(1),0524,0527,0533,0537,0543,0546,0556,0559,0604,0608,0614,0617,0620,0625,＝,,,,
619S,普通,グリーン車自由席,平日,,,,,,,,,,,,,,,,,,,,,,,,,0626,0629,0632,0642,0645,0649,0652,0657,0703
566F,快速,グリーン車自由席,全日,,,0506,0510,0517,0520,0526,0531,0536,||,0540,0542,0544,(1),,,,,,,,,,,,,,,,,,,
567S,普通,グリーン車自由席,平日,,,,,,,,,,,,,┐,(1),0545,0548,0554,0558,0604,0607,0617,0620,0625,0630,0636,0639,0642,0648,＝,,,,
609S,普通,グリーン車自由席,平日,,,,,,,,,,,,,,(1),0601,0604,0609,0614,0619,0622,0633,0636,0641,0646,0652,0655,0659,0707,0710,0714,0717,0722,0728
703S,普通,グリーン車自由席,平日,,,,,,,,,,,,,,,,,,,,,,,,,0700,0703,0706,0712,＝,,,,
550F,快速,グリーン車自由席,平日,,,0535,0539,0546,0550,0556,0601,0606,||,0609,0611,0614,(1),,,,,,,,,,,,,,,,,,,
551S,普通,グリーン車自由席,平日,,,,,,,,,,,,,┐,(1),0615,0618,0623,0627,0633,0636,0646,0649,0654,0658,0704,0707,0710,0720,0723,0727,0731,0736,0741
3833M,普通,グリーン車自由席,平日,,,,,,,,,,,,,,,,,,,,,,,,,0712,0716,0719,0724,＝,,,,
544F,快速,グリーン車自由席,平日,,佐倉 0536,0553,0557,0604,0607,0613,0618,0624,||,0627,0629,0631,(1),,,,,,,,,,,,,,,,,,,
545S,普通,グリーン車自由席,平日,,,,,,,,,,,,,┐,(1),0632,0636,0641,0645,0651,0654,0703,0706,0711,0716,0723,0727,0730,0740,0743,0747,0750,0755,0801
3835M,普通,グリーン車自由席,平日,,,,,,,,,,,,,,,,,,,,,,,,,0728,0731,0734,0739,＝,,,,
741S,普通,グリーン車自由席,平日,,,,,,,,,,,,,,,,,,,,,,,,,0732,0735,0738,0743,＝,,,,
661S,普通,グリーン車自由席,平日,,,,,,,,,,,,,,(1),0644,0647,0653,0657,0703,0706,0717,0720,0725,0730,0739,0743,0746,0754,0756,0800,0804,0809,0814
584F,快速,グリーン車自由席,平日,,佐倉 0556,0614,0617,0625,0628,0635,0640,0645,||,0649,0651,0653,(1),,,,,,,,,,,,,,,,,,,
585S,普通,グリーン車自由席,平日,,,,,,,,,,,,,┐,(1),0656,0700,0705,0709,0715,0718,0728,0731,0736,0740,0748,0752,0755,0801,＝,,,,
859H,普通,,平日,,,,,,,,,,,,,,,,,,,,,,,,,,,,0806,0809,0813,0816,0821,0827
636F,快速,グリーン車自由席,平日,,,0621,0624,0632,0636,0642,0647,0653,||,0656,0658,0701,(2),,,,,,,,,,,,,,,,,,,
670F,快速,グリーン車自由席,平日,,,0626,0631,0639,0643,0649,0654,0700,||,0703,0705,0708,(3),,,,,,,,,,,,,,,,,,,
682F,快速,グリーン車自由席,平日,,,0632,0636,0644,0647,0653,0658,0704,||,0707,0709,0712,(1),,,,,,,,,,,,,,,,,,,
683S,普通,グリーン車自由席,平日,,,,,,,,,,,,,┐,(1),0713,0716,0721,0726,0731,0734,0744,0747,0752,0756,0801,0805,0808,0814,＝,,,,
2521Y,普通,グリーン車自由席,平日,,宇都宮 0513,・,・,・,・,・,・,・,・,・,・,・,・,・,・,・,0732,0737,0740,0750,0753,0758,0802,0807,＝,,,,,,,
616F,快速,グリーン車自由席,平日,,成田 0606,0640,0644,0652,0656,0705,0710,0716,||,0720,0722,0724,(1),,,,,,,,,,,,,,,,,,,
617S,普通,グリーン車自由席,平日,,,,,,,,,,,,,┐,(1),0725,0728,0733,0738,0744,0747,0756,0759,0804,0808,0814,0818,0822,0827,＝,,,,
823H,普通,,平日,,,,,,,,,,,,,,,,,,,,,,,,,,,,0831,0834,0838,0841,0846,0852
674F,快速,グリーン車自由席,平日,,,0647,0651,0659,0703,0710,0715,0721,||,0725,0727,0729,(3),,,,,,,,,,,,,,,,,,,
680F,快速,グリーン車自由席,平日,,君津 0602,0651,0656,0703,0707,0714,0720,0725,||,0729,0731,0733,(1),,,,,,,,,,,,,,,,,,,
681S,普通,グリーン車自由席,平日,,,,,,,,,,,,,┐,(1),0734,0738,0743,0747,0753,0756,0806,0809,0814,0818,0825,0828,0831,0837,＝,,,,
604F,快速,グリーン車自由席,平日,,佐倉 0639,0657,0701,0709,0713,0719,0725,0731,||,0734,0737,0739,(2),,,,,,,,,,,,,,,,,,,
701S,普通,グリーン車自由席,平日,,,,,,,,,,,,,,(1),0741,0744,0749,0754,0800,0803,0813,0816,0821,0825,0830,＝,,,,,,,
690F,快速,グリーン車自由席,平日,,上総一ノ宮 0614,0701,0705,0712,0716,0725,0731,0737,||,0741,0743,0745,(1),,,,,,,,,,,,,,,,,,,
691S,普通,グリーン車自由席,平日,,,,,,,,,,,,,┐,(1),0746,0749,0754,0759,0804,0807,0817,0820,0825,0829,0836,0839,0842,0852,0855,0859,0902,0907,0913
2523Y,普通,グリーン車自由席,平日,,宇都宮 0546,・,・,・,・,・,・,・,・,・,・,・,・,・,・,・,0802,0807,0810,0819,0823,0828,0832,0837,＝,,,,,,,
752F,快速,グリーン車自由席,平日,,,,,0718,0722,0729,0735,0740,||,0744,0746,0748,(2),,,,,,,,,,,,,,,,,,,
772F,快速,グリーン車自由席,平日,,,0710,0714,0721,0726,0733,0738,0744,||,0748,0750,0752,(1),,,,,,,,,,,,,,,,,,,
773S,普通,グリーン車自由席,平日,,,,,,,,,,,,,┐,(1),0754,0757,0805,0810,0815,0818,0828,0831,0836,0840,0845,0848,0852,0857,＝,,,,
638F,快速,グリーン車自由席,平日,,成田 0643,0714,0719,0726,0730,0737,0742,0748,||,0752,0754,0756,(1),,,,,,,,,,,,,,,,,,,
639S,普通,グリーン車自由席,平日,,,,,,,,,,,,,┐,(1),0800,0803,0810,0815,0820,0823,0832,0836,0840,0844,0850,＝,,,,,,,
2525Y,普通,グリーン車自由席,平日,,小金井 0625,・,・,・,・,・,・,・,・,・,・,・,・,・,・,・,0818,0823,0826,0835,0839,0844,0848,0853,＝,,,,,,,
606F,快速,グリーン車自由席,平日,,君津 0629,0717,0721,0729,0733,0742,0748,0753,||,0757,0759,0802,(1),,,,,,,,,,,,,,,,,,,
607S,普通,グリーン車自由席,平日,,,,,,,,,,,,,┐,(1),0805,0808,0815,0820,0825,0828,0838,0841,0846,0851,0856,0859,0902,0908,＝,,,,
726F,快速,グリーン車自由席,平日,,,0723,0727,0734,0739,0745,0751,0757,||,0801,0803,0805,(4),,,,,,,,,,,,,,,,,,,
732F,快速,グリーン車自由席,平日,,,,,0737,0742,0748,0754,0800,||,0804,0806,0808,(1),,,,,,,,,,,,,,,,,,,
733S,普通,グリーン車自由席,平日,,,,,,,,,,,,,┐,(1),0809,0812,0817,＝,,,,,,,,,,,,,,,
959H,普通,,平日,,,,,,,,,,,,,,,,,,,,,,,,,,,,0912,0914,0918,0922,0927,0932
710F,快速,グリーン車自由席,平日,,佐倉 0706,0727,0732,0741,0745,0751,0757,0803,||,0807,0809,0811,(1),,,,,,,,,,,,,,,,,,,
711S,普通,グリーン車自由席,平日,,,,,,,,,,,,,┐,(1),0813,0816,0822,0827,0832,0835,0846,0849,0854,0858,0904,0907,0910,0915,＝,,,,
624F,快速,グリーン車自由席,平日,,上総一ノ宮 0645,0731,0736,0744,0748,0755,0800,0806,||,0810,0812,0814,(2),,,,,,,,,,,,,,,,,,,
712F,快速,グリーン車自由席,平日,,鹿島神宮 0602,0736,0740,0747,0752,0758,0804,0809,||,0813,0815,0818,(1),,,,,,,,,,,,,,,,,,,
713S,普通,グリーン車自由席,平日,,,,,,,,,,,,,┐,(1),0819,0822,0828,0833,0839,0842,0851,0854,0859,0903,0908,＝,,,,,,,
770F,快速,グリーン車自由席,平日,,,,,0752,0756,0802,0808,0814,||,0817,0820,0822,(1),,,,,,,,,,,,,,,,,,,
771S,普通,グリーン車自由席,平日,,,,,,,,,,,,,┐,(1),0823,0826,0831,＝,,,,,,,,,,,,,,,
2527Y,普通,グリーン車自由席,平日,,小金井 0645,・,・,・,・,・,・,・,・,・,・,・,・,・,・,・,0836,0841,0845,0854,0858,0902,0906,0912,0915,0919,0924,＝,,,,
664F,快速,グリーン車自由席,平日,,成田空港 0652,0743,0747,0755,0759,0806,0811,0817,||,0821,0823,0826,(1),,,,,,,,,,,,,,,,,,,
665S,普通,グリーン車自由席,平日,,,,,,,,,,,,,┐,(1),0827,0830,0836,0840,0846,0849,0858,0901,0906,0910,0916,＝,,,,,,,
923H,普通,,平日,,,,,,,,,,,,,,,,,,,,,,,,,,,,0931,0933,0937,0941,0946,0951
720F,快速,グリーン車自由席,平日,,君津 0700,0746,0751,0759,0803,0810,0815,0821,||,0825,0827,0830,(2),,,,,,,,,,,,,,,,,,,
786F,快速,グリーン車自由席,平日,,君津 0705,0751,0755,0802,0806,0813,0818,0824,||,0828,0830,0832,(1),,,,,,,,,,,,,,,,,,,
787S,普通,グリーン車自由席,平日,,,,,,,,,,,,,┐,(1),0833,0837,0842,0846,0852,0855,0904,0907,0912,0916,0922,0925,0928,0934,＝,,,,
2529Y,普通,グリーン車自由席,平日,,宇都宮 0633,・,・,・,・,・,・,・,・,・,・,・,・,・,・,・,0849,0855,0858,0907,0910,0915,0919,0925,＝,,,,,,,
830F,快速,グリーン車自由席,平日,,,,,0805,0809,0816,0822,0827,||,0831,0833,0836,(1),,,,,,,,,,,,,,,,,,,
831S,普通,グリーン車自由席,平日,,,,,,,,,,,,,┐,(1),0838,0841,0847,0851,0857,0900,0910,0913,0918,0922,0928,0931,0934,0939,＝,,,,
754F,快速,グリーン車自由席,平日,,上総一ノ宮 0713,0756,0800,0808,0812,0819,0825,0830,||,0834,0836,0838,(3),,,,,,,,,,,,,,,,,,,
874F,快速,グリーン車自由席,平日,,,,,0812,0816,0823,0828,0834,||,0838,0840,0842,(1),,,,,,,,,,,,,,,,,,,
875S,普通,グリーン車自由席,平日,,,,,,,,,,,,,┐,(1),0843,0846,0851,＝,,,,,,,,,,,,,,,
943H,普通,,平日,,,,,,,,,,,,,,,,,,,,,,,,,,,,0955,0958,1002,1006,1011,1016
778F,快速,グリーン車自由席,平日,,成東 0705,0803,0807,0815,0819,0826,0831,0837,||,0841,0843,0846,(1),,,,,,,,,,,,,,,,,,,
779S,普通,グリーン車自由席,平日,,,,,,,,,,,,,┐,(1),0847,0850,0855,0859,0905,0908,0918,0921,0926,0930,0935,＝,,,,,,,
804F,快速,グリーン車自由席,平日,,,,,0819,0823,0830,0835,0841,||,0845,0847,0849,(2),,,,,,,,,,,,,,,,,,,
805S,普通,グリーン車自由席,平日,,,,,,,,,,,,,┐,(2),0850,0853,0858,0903,0908,0911,0921,0924,0929,0933,0940,0943,0946,0951,＝,,,,
2531Y,普通,グリーン車自由席,平日,,小金井 0708,・,・,・,・,・,・,・,・,・,・,・,・,・,・,・,0909,0914,0917,0927,0930,0935,0939,0946,0950,0953,0958,＝,,,,
756F,快速,グリーン車自由席,平日,,成田空港 0722,0809,0813,0821,0826,0835,0841,0846,||,0850,0852,0855,(2),,,,,,,,,,,,,,,,,,,
788F,快速,グリーン車自由席,平日,,木更津 0730,0817,0821,0828,0832,0839,0844,0850,||,0854,0856,0858,(1),,,,,,,,,,,,,,,,,,,
789S,普通,グリーン車自由席,平日,,,,,,,,,,,,,┐,(1),0900,0903,0909,0914,0919,0922,0934,0937,0942,0946,0958,1001,1004,1010,＝,,,,
852F,快速,グリーン車自由席,平日,,,,,0832,0836,0843,0848,0854,||,0858,0900,0903,(1),,,,,,,,,,,,,,,,,,,
853S,普通,グリーン車自由席,平日,,,,,,,,,,,,,┐,(1),0904,0907,0912,＝,,,,,,,,,,,,,,,
828F,快速,グリーン車自由席,平日,,,0825,0829,0838,0842,0848,0854,0900,||,0904,0906,0909,(1),,,,,,,,,,,,,,,,,,,
829S,普通,グリーン車自由席,平日,,,,,,,,,,,,,┐,(1),0912,0915,0921,0926,0932,0935,0946,0949,0954,0958,1004,1007,1010,1020,1022,1026,1030,1035,1041
826F,快速,グリーン車自由席,平日,,,,,0844,0848,0855,0900,0906,||,0910,0912,0914,(4),,,,,,,,,,,,,,,,,,,
2533Y,普通,グリーン車自由席,平日,,古河 0807,・,・,・,・,・,・,・,・,・,・,・,・,・,・,・,0936,0941,0944,0954,0957,1002,1006,1012,＝,,,,,,,
822F,快速,グリーン車自由席,平日,,,0835,0839,0847,0851,0858,0903,0909,||,0913,0915,0918,(2),,,,,,,,,,,,,,,,,,,
823S,普通,グリーン車自由席,平日,,,,,,,,,,,,,┐,(2),0919,0922,0928,0933,0938,0941,0950,0954,0958,1002,1008,＝,,,,,,,
834F,快速,グリーン車自由席,平日,,,,,0853,0857,0906,0912,0917,||,0921,0923,0926,(1),,,,,,,,,,,,,,,,,,,
835S,普通,グリーン車自由席,平日,,,,,,,,,,,,,┐,(1),0927,0930,0936,0941,0947,0950,1000,1003,1008,1012,1018,1021,1024,1029,＝,,,,
892F,快速,グリーン車自由席,平日,,成田空港 0801,0846,0850,0900,0904,0912,0917,0923,||,0927,0929,0931,(1),,,,,,,,,,,,,,,,,,,
893S,普通,グリーン車自由席,平日,,,,,,,,,,,,,┐,(1),0936,0939,0944,0948,0954,0957,1006,1009,1014,1018,1024,＝,,,,,,,
1023H,普通,,平日,,,,,,,,,,,,,,,,,,,,,,,,,,,,1039,1042,1046,1049,1054,1100
9067M,特急 鎌倉（平日おさんぽ号）,グリーン車指定席,◆ 11月13・20・27日運転,,吉川美南 0833,・,・,・,・,・,・,・,・,・,・,・,・,・,・,・,・,・,・,1009,||,||,レ,レ,1030,1034,＝,,,,,
868F,快速,グリーン車自由席,平日,,,0856,0900,0908,0912,0921,0926,0932,||,0936,0938,0940,(1),,,,,,,,,,,,,,,,,,,
869S,普通,グリーン車自由席,平日,,,,,,,,,,,,,┐,(1),0943,0946,0953,0957,1003,1006,1015,1018,1023,1027,1033,1036,1039,1044,＝,,,,
948F,快速,グリーン車自由席,平日,,,0907,0911,0919,0923,0929,0935,0941,||,0944,0947,0949,(1),,,,,,,,,,,,,,,,,,,
949S,普通,グリーン車自由席,平日,,,,,,,,,,,,,┐,(1),0950,0953,0958,1003,1008,1011,1021,1024,1029,1033,1038,＝,,,,,,,
2535Y,普通,グリーン車自由席,平日,,小金井 0816,・,・,・,・,・,・,・,・,・,・,・,・,・,・,・,1006,1011,1014,1023,1027,1031,1035,1042,1046,1049,1053,＝,,,,
1043H,普通,,平日,,,,,,,,,,,,,,,,,,,,,,,,,,,,1057,1059,1103,1107,1112,1117
902F,快速,グリーン車自由席,平日,,,0922,0925,0932,0936,0944,0949,0954,||,0958,1000,1002,(1),,,,,,,,,,,,,,,,,,,
903S,普通,グリーン車自由席,平日,,,,,,,,,,,,,┐,(1),1004,1007,1014,1019,1024,1027,1037,1040,1045,1049,1055,1058,1101,1106,＝,,,,
846F,快速,グリーン車自由席,平日,,君津 0839,0931,0935,0942,0946,0952,0957,1002,||,1005,1007,1010,(1),,,,,,,,,,,,,,,,,,,
847S,普通,グリーン車自由席,平日,,,,,,,,,,,,,┐,(1),1011,1015,1020,1024,1030,1033,1042,1045,1050,1054,1100,1103,1106,1116,1118,1122,1126,1131,1136
914F,快速,グリーン車自由席,平日,,,0936,0940,0947,0950,0956,1001,1006,||,1010,1012,1014,(4),,,,,,,,,,,,,,,,,,,
2537Y,普通,グリーン車自由席,平日,,宇都宮 0822,・,・,・,・,・,・,・,・,・,・,・,・,・,・,・,1031,1037,1040,1050,1053,1058,1102,1108,1111,1115,1120,＝,,,,
876F,快速,グリーン車自由席,平日,,君津 0858,0944,0947,0954,0958,1006,1011,1016,||,1020,1022,1024,(1),,,,,,,,,,,,,,,,,,,
877S,普通,グリーン車自由席,平日,,,,,,,,,,,,,┐,(1),1025,1028,1034,1039,1044,1047,1057,1100,1105,1109,1118,1121,1124,1130,＝,,,,
1123H,普通,,平日,,,,,,,,,,,,,,,,,,,,,,,,,,,,1135,1138,1142,1145,1150,1156
936F,快速,グリーン車自由席,平日,,成田空港 0904,0954,0957,1005,1008,1015,1020,1026,||,1029,1031,1034,(1),,,,,,,,,,,,,,,,,,,
937S,普通,グリーン車自由席,平日,,,,,,,,,,,,,┐,(1),1039,1042,1048,1053,1058,1101,1110,1114,1118,1122,1128,1131,1134,1140,＝,,,,
1062F,快速,グリーン車自由席,平日,,,1003,1006,1013,1017,1023,1028,1034,||,1037,1039,1041,(3),,,,,,,,,,,,,,,,,,,
2539Y,普通,グリーン車自由席,平日,,宇都宮 0854,・,・,・,・,・,・,・,・,・,・,・,・,・,・,・,1102,1107,1110,1119,1122,1127,1131,1138,1141,1145,1150,＝,,,,
1143H,普通,,平日,,,,,,,,,,,,,,,,,,,,,,,,,,,,1155,1157,1201,1205,1210,1215
1026F,快速,グリーン車自由席,平日,,,1012,1016,1023,1026,1035,1040,1045,||,1048,1050,1053,(1),,,,,,,,,,,,,,,,,,,
1027S,普通,グリーン車自由席,平日,,,,,,,,,,,,,┐,(1),1054,1057,1102,1106,1112,1115,1125,1128,1133,1137,1148,1151,1154,1200,＝,,,,
1050F,快速,グリーン車自由席,平日,,,1026,1030,1037,1040,1046,1051,1056,||,1100,1102,1104,(1),,,,,,,,,,,,,,,,,,,
1051S,普通,グリーン車自由席,平日,,,,,,,,,,,,,┐,(1),1108,1111,1116,1120,1126,1129,1138,1141,1146,1150,1158,1201,1204,1215,1217,1221,1225,1230,1235
4521Y,快速,グリーン車自由席,平日,,宇都宮 0936,・,・,・,・,・,・,・,・,・,・,・,・,・,・,・,1131,1137,1140,1149,1152,1157,1202,1208,1211,1215,1220,＝,,,,
966F,快速,グリーン車自由席,平日,,君津 0952,1041,1044,1051,1055,1104,1109,1114,||,1118,1120,1122,(1),,,,,,,,,,,,,,,,,,,
967S,普通,グリーン車自由席,平日,,,,,,,,,,,,,┐,(1),1123,1126,1132,1137,1143,1146,1157,1200,1205,1209,1218,1221,1224,1230,＝,,,,
1223H,普通,,平日,,,,,,,,,,,,,,,,,,,,,,,,,,,,1235,1237,1241,1245,1250,1255
958F,快速,グリーン車自由席,平日,,成田空港 0959,1052,1055,1103,1107,1113,1118,1124,||,1127,1129,1132,(1),,,,,,,,,,,,,,,,,,,
959S,普通,グリーン車自由席,平日,,,,,,,,,,,,,┐,(1),1136,1139,1145,1150,1155,1158,1208,1211,1216,1220,1228,1231,1234,1239,＝,,,,
1018F,快速,グリーン車自由席,平日,,上総一ノ宮 1021,1102,1106,1113,1117,1123,1128,1133,||,1136,1138,1141,(3),,,,,,,,,,,,,,,,,,,
2541Y,普通,グリーン車自由席,平日,,宇都宮 0956,・,・,・,・,・,・,・,・,・,・,・,・,・,・,・,1202,1207,1210,1219,1222,1227,1231,1238,1241,1245,1250,＝,,,,
1243H,普通,,平日,,,,,,,,,,,,,,,,,,,,,,,,,,,,1255,1257,1301,1305,1310,1315
1180F,快速,グリーン車自由席,平日,,,1112,1115,1122,1126,1134,1139,1144,||,1148,1150,1152,(1),,,,,,,,,,,,,,,,,,,
1181S,普通,グリーン車自由席,平日,,,,,,,,,,,,,┐,(1),1153,1156,1201,1206,1211,1214,1224,1227,1232,1236,1248,1251,1254,1300,＝,,,,
1114F,快速,グリーン車自由席,全日,,,1126,1130,1137,1140,1146,1151,1156,||,1200,1202,1204,(1),,,,,,,,,,,,,,,,,,,
1115S,普通,グリーン車自由席,平日,,,,,,,,,,,,,┐,(1),1208,1211,1216,1221,1226,1229,1239,1242,1247,1251,1258,1301,1304,1315,1317,1321,1325,1330,1335
4523Y,快速,グリーン車自由席,平日,,宇都宮 1035,・,・,・,・,・,・,・,・,・,・,・,・,・,・,・,1231,1237,1240,1249,1252,1257,1302,1308,1311,1315,1320,＝,,,,
1040F,快速,グリーン車自由席,平日,,君津 1050,1141,1144,1151,1155,1204,1209,1214,||,1218,1220,1222,(1),,,,,,,,,,,,,,,,,,,
1041S,普通,グリーン車自由席,平日,,,,,,,,,,,,,┐,(1),1223,1226,1232,1237,1243,1246,1256,1259,1304,1308,1318,1321,1324,1330,＝,,,,
1323H,普通,,平日,,,,,,,,,,,,,,,,,,,,,,,,,,,,1335,1337,1341,1345,1350,1355
1008F,快速,グリーン車自由席,平日,,成田空港 1059,1152,1155,1203,1207,1213,1218,1224,||,1227,1229,1232,(1),,,,,,,,,,,,,,,,,,,
1009S,普通,グリーン車自由席,平日,,,,,,,,,,,,,┐,(1),1236,1239,1245,1250,1255,1258,1308,1311,1316,1320,1328,1331,1334,1339,＝,,,,
1144F,快速,グリーン車自由席,平日,,上総一ノ宮 1121,1202,1206,1213,1217,1223,1228,1233,||,1236,1238,1241,(2),,,,,,,,,,,,,,,,,,,
2543Y,普通,グリーン車自由席,平日,,宇都宮 1054,・,・,・,・,・,・,・,・,・,・,・,・,・,・,・,1302,1307,1310,1319,1322,1327,1331,1338,1341,1345,1350,＝,,,,
1343H,普通,,平日,,,,,,,,,,,,,,,,,,,,,,,,,,,,1355,1357,1401,1405,1410,1415
1262F,快速,グリーン車自由席,平日,,,1212,1215,1222,1226,1234,1239,1244,||,1248,1250,1252,(1),,,,,,,,,,,,,,,,,,,
1263S,普通,グリーン車自由席,平日,,,,,,,,,,,,,┐,(1),1253,1256,1301,1306,1311,1314,1324,1327,1332,1336,1348,1351,1354,1400,＝,,,,
1288F,快速,グリーン車自由席,平日,,,1226,1230,1237,1240,1246,1251,1256,||,1300,1302,1304,(1),,,,,,,,,,,,,,,,,,,
1289S,普通,グリーン車自由席,平日,,,,,,,,,,,,,┐,(1),1308,1311,1316,1320,1326,1329,1338,1341,1346,1350,1358,1401,1404,1415,1417,1421,1425,1430,1435
4525Y,快速,グリーン車自由席,平日,,宇都宮 1135,・,・,・,・,・,・,・,・,・,・,・,・,・,・,・,1331,1337,1340,1349,1352,1357,1402,1408,1411,1415,1420,＝,,,,
1160F,快速,グリーン車自由席,全日,,君津 1150,1241,1244,1251,1255,1304,1309,1314,||,1318,1320,1322,(1),,,,,,,,,,,,,,,,,,,
1161S,普通,グリーン車自由席,全日,,,,,,,,,,,,,┐,(1),1323,1326,1333,1338,1344,1347,1357,1400,1405,1409,1418,1421,1424,1430,＝,,,,
1423H,普通,,平日,,,,,,,,,,,,,,,,,,,,,,,,,,,,1435,1437,1441,1445,1450,1455
1172F,快速,グリーン車自由席,平日,,成田空港 1158,1252,1255,1303,1307,1313,1318,1324,||,1327,1329,1332,(1),,,,,,,,,,,,,,,,,,,
1173S,普通,グリーン車自由席,平日,,,,,,,,,,,,,┐,(1),1336,1339,1345,1350,1355,1358,1408,1411,1416,1420,1428,1431,1434,1439,＝,,,,
1318F,快速,グリーン車自由席,平日,,,1302,1306,1313,1317,1323,1328,1333,||,1336,1338,1341,(3),,,,,,,,,,,,,,,,,,,
2545Y,普通,グリーン車自由席,平日,,宇都宮 1155,・,・,・,・,・,・,・,・,・,・,・,・,・,・,・,1402,1407,1410,1419,1422,1427,1431,1438,1441,1445,1450,＝,,,,
1429H,普通,,平日,,,,,,,,,,,,,,,,,,,,,,,,,,,,1455,1457,1501,1505,1510,1515
1302F,快速,グリーン車自由席,平日,,,1312,1315,1322,1326,1335,1340,1345,||,1349,1351,1353,(1),,,,,,,,,,,,,,,,,,,
1303S,普通,グリーン車自由席,平日,,,,,,,,,,,,,┐,(1),1354,1357,1403,1408,1413,1416,1426,1429,1434,1438,1448,1451,1454,1500,＝,,,,
1376F,快速,グリーン車自由席,平日,,,1326,1330,1337,1340,1346,1351,1356,||,1400,1402,1404,(1),,,,,,,,,,,,,,,,,,,
1377S,普通,グリーン車自由席,平日,,,,,,,,,,,,,┐,(1),1408,1411,1416,1421,1426,1429,1439,1442,1447,1451,1458,1501,1504,1513,1516,1520,1523,1528,1534
4527Y,快速,グリーン車自由席,平日,,宇都宮 1235,・,・,・,・,・,・,・,・,・,・,・,・,・,・,・,1431,1437,1440,1449,1452,1457,1502,1508,1512,1515,1520,＝,,,,
1286F,快速,グリーン車自由席,平日,,君津 1250,1341,1344,1351,1355,1404,1409,1414,||,1418,1420,1422,(1),,,,,,,,,,,,,,,,,,,
1287S,普通,グリーン車自由席,平日,,,,,,,,,,,,,┐,(1),1423,1426,1432,1437,1443,1446,1457,1500,1505,1509,1514,1517,1521,1526,＝,,,,
1531S,普通,グリーン車自由席,平日,,,,,,,,,,,,,,,,,,,,,,,,,1519,1522,1525,1533,1535,1539,1543,1548,1553
1204F,快速,グリーン車自由席,平日,,成田空港 1259,1352,1355,1403,1407,1413,1418,1424,||,1427,1429,1432,(1),,,,,,,,,,,,,,,,,,,
1205S,普通,グリーン車自由席,平日,,,,,,,,,,,,,┐,(1),1436,1439,1445,1450,1455,1458,1508,1511,1516,1520,1526,1529,1532,1538,＝,,,,
1444F,快速,グリーン車自由席,平日,,,1402,1406,1413,1417,1423,1428,1434,||,1437,1439,1441,(2),,,,,,,,,,,,,,,,,,,
2547Y,普通,グリーン車自由席,平日,,宇都宮 1255,・,・,・,・,・,・,・,・,・,・,・,・,・,・,・,1502,1507,1510,1519,1522,1527,1531,1537,1541,1544,1549,＝,,,,
1529H,普通,,平日,,,,,,,,,,,,,,,,,,,,,,,,,,,,1552,1555,1559,1602,1607,1613
1426F,快速,グリーン車自由席,平日,,,1412,1415,1422,1426,1435,1440,1445,||,1448,1450,1453,(1),,,,,,,,,,,,,,,,,,,
1427S,普通,グリーン車自由席,平日,,,,,,,,,,,,,┐,(1),1454,1457,1502,1506,1512,1515,1526,1529,1534,1538,1548,1551,1554,1604,1607,1611,1614,＝,
1466F,快速,グリーン車自由席,平日,,,1426,1430,1437,1440,1446,1451,1456,||,1500,1502,1504,(1),,,,,,,,,,,,,,,,,,,
1467S,普通,グリーン車自由席,平日,,,,,,,,,,,,,┐,(1),1508,1511,1516,1520,1526,1529,1538,1541,1546,1550,1556,1559,1602,1612,1615,1619,1622,1627,1633
4529Y,快速,グリーン車自由席,平日,,宇都宮 1332,・,・,・,・,・,・,・,・,・,・,・,・,・,・,・,1531,1537,1540,1549,1553,1558,1602,1608,1611,1615,1620,＝,,,,
1368F,快速,グリーン車自由席,平日,,君津 1350,1441,1444,1451,1455,1504,1509,1514,||,1518,1520,1522,(1),,,,,,,,,,,,,,,,,,,
1369S,普通,グリーン車自由席,平日,,,,,,,,,,,,,┐,(1),1523,1527,1532,1536,1542,1545,1556,1559,1604,1608,1616,1619,1622,1633,1635,1639,1643,1648,1654
1328F,快速,グリーン車自由席,平日,,成田空港 1358,1452,1455,1503,1507,1513,1518,1524,||,1527,1529,1532,(1),,,,,,,,,,,,,,,,,,,
1329S,普通,グリーン車自由席,平日,,,,,,,,,,,,,┐,(1),1536,1539,1545,1550,1555,1558,1608,1611,1616,1620,1627,1630,1633,1638,＝,,,,
1518F,快速,グリーン車自由席,平日,,,1502,1506,1513,1517,1523,1528,1533,||,1537,1539,1541,(2),,,,,,,,,,,,,,,,,,,
2549Y,普通,グリーン車自由席,平日,,宇都宮 1348,・,・,・,・,・,・,・,・,・,・,・,・,・,・,・,1602,1607,1610,1620,1623,1628,1632,1638,1641,1645,1649,＝,,,,
1629H,普通,,平日,,,,,,,,,,,,,,,,,,,,,,,,,,,,1652,1655,1659,1702,1707,1713
1580F,快速,グリーン車自由席,平日,,,1512,1515,1522,1526,1535,1540,1545,||,1549,1551,1553,(1),,,,,,,,,,,,,,,,,,,
1581S,普通,グリーン車自由席,平日,,,,,,,,,,,,,┐,(1),1554,1557,1602,1607,1612,1615,1626,1629,1634,1638,1647,1650,1654,1659,＝,,,,
1683S,普通,グリーン車自由席,平日,,,,,,,,,,,,,,(1),1603,1606,1611,1616,1621,1624,1635,1638,1643,1648,1657,1700,1703,1711,1714,1718,1722,1727,1732
1590F,快速,グリーン車自由席,平日,,,1526,1530,1538,1541,1547,1552,1558,||,1602,1604,1606,(1),,,,,,,,,,,,,,,,,,,
1591S,普通,グリーン車自由席,平日,,,,,,,,,,,,,┐,(1),1611,1614,1619,1624,1629,1632,1642,1645,1650,1654,1703,1706,1709,1719,1721,1725,1729,＝,
4531Y,快速,グリーン車自由席,平日,,宇都宮 1435,・,・,・,・,・,・,・,・,・,・,・,・,・,・,・,1631,1637,1640,1649,1653,1658,1702,1709,1713,1716,1722,＝,,,,
1436F,快速,グリーン車自由席,平日,,君津 1450,1541,1544,1551,1555,1604,1609,1614,||,1618,1620,1622,(1),,,,,,,,,,,,,,,,,,,
1437S,普通,グリーン車自由席,平日,,,,,,,,,,,,,┐,(1),1623,1626,1632,1636,1642,1645,1656,1659,1704,1708,1715,1718,1722,1731,1734,1738,1742,1747,1752
1446F,快速,グリーン車自由席,全日,,成田空港 1459,1552,1555,1603,1606,1612,1617,1622,||,1626,1628,1630,(1),,,,,,,,,,,,,,,,,,,
1447S,普通,グリーン車自由席,平日,,,,,,,,,,,,,┐,(1),1633,1636,1642,1647,1652,1655,1705,1708,1713,1717,1724,1727,1730,1735,＝,,,,
1684F,快速,グリーン車自由席,平日,,,,,1608,1611,1617,1622,1628,||,1631,1633,1636,(3),,,,,,,,,,,,,,,,,,,
1644F,快速,グリーン車自由席,平日,,,1602,1606,1613,1616,1622,1627,1632,||,1636,1638,1640,(1),,,,,,,,,,,,,,,,,,,
1645S,普通,グリーン車自由席,平日,,,,,,,,,,,,,┐,(1),1641,1644,1650,1655,1700,1703,1713,1716,1721,1726,1735,1738,1741,1751,1753,1757,1801,1806,1812
2551Y,普通,グリーン車自由席,平日,,宇都宮 1450,・,・,・,・,・,・,・,・,・,・,・,・,・,・,・,1701,1707,1710,1720,1724,1729,1733,1738,1742,1745,1750,＝,,,,
1616F,快速,グリーン車自由席,平日,,,,,1621,1625,1635,1640,1645,||,1648,1650,1653,(1),,,,,,,,,,,,,,,,,,,
1617S,普通,グリーン車自由席,平日,,,,,,,,,,,,,┐,(1),1654,1657,1702,1707,1713,1716,1726,1729,1734,1738,1745,1749,1752,1803,1806,1810,1814,1818,1824
1662F,快速,グリーン車自由席,平日,,,1613,1617,1629,1633,1639,1644,1649,||,1652,1654,1657,(3),,,,,,,,,,,,,,,,,,,
1656F,快速,グリーン車自由席,平日,,,1624,1628,1635,1639,1644,1649,1654,||,1658,1700,1702,(1),,,,,,,,,,,,,,,,,,,
1657S,普通,グリーン車自由席,平日,,,,,,,,,,,,,┐,(1),1704,1707,1713,1718,1724,1727,1737,1741,1746,1750,1756,1759,1803,1815,1818,1822,1825,1831,1836
1632F,快速,グリーン車自由席,平日,,,,,1639,1642,1648,1653,1658,||,1702,1704,1706,(2),,,,,,,,,,,,,,,,,,,
1558F,快速,グリーン車自由席,平日,,君津 1539,1633,1636,1643,1647,1653,1658,1703,||,1706,1708,1711,(1),,,,,,,,,,,,,,,,,,,
1559S,普通,グリーン車自由席,平日,,,,,,,,,,,,,┐,(1),1713,1716,1721,1726,1732,1735,1746,1749,1754,1758,1806,1810,1813,1829,1831,1835,1839,1844,1850
1652F,快速,グリーン車自由席,平日,,,,,1649,1652,1658,1703,1708,||,1712,1714,1716,(3),,,,,,,,,,,,,,,,,,,
4533Y,快速,グリーン車自由席,平日,,宇都宮 1533,・,・,・,・,・,・,・,・,・,・,・,・,・,・,・,1734,1740,1743,1753,1757,1802,1806,1813,1816,1819,1825,＝,,,,
1550F,快速,グリーン車自由席,平日,,成田空港 1558,1645,1648,1655,1659,1707,1712,1717,||,1721,1723,1725,(1),,,,,,,,,,,,,,,,,,,
1551S,普通,グリーン車自由席,平日,,,,,,,,,,,,,┐,(1),1726,1729,1735,1740,1746,1749,1800,1803,1808,1812,1821,1824,1827,1833,＝,,,,
1774F,快速,グリーン車自由席,平日,,,,,1705,1709,1715,1720,1726,||,1730,1732,1734,(1),,,,,,,,,,,,,,,,,,,
1775S,普通,グリーン車自由席,平日,,,,,,,,,,,,,┐,(1),1738,1741,1747,1752,1757,1800,1810,1814,1819,1823,1833,1837,1840,1851,1854,1858,1901,1906,1912
1788F,快速,グリーン車自由席,平日,,,1700,1704,1712,1715,1722,1727,1732,||,1735,1737,1740,(1),,,,,,,,,,,,,,,,,,,
1789S,普通,グリーン車自由席,平日,,,,,,,,,,,,,┐,(1),1741,1744,1749,＝,,,,,,,,,,,,,,,
2553Y,普通,グリーン車自由席,平日,,宇都宮 1555,・,・,・,・,・,・,・,・,・,・,・,・,・,・,・,1802,1807,1811,1820,1824,1829,1833,1839,1842,1845,1850,＝,,,,
1640F,快速,グリーン車自由席,平日,,上総一ノ宮 1621,1708,1711,1720,1724,1734,1739,1744,||,1748,1750,1752,(2),,,,,,,,,,,,,,,,,,,
1641S,普通,グリーン車自由席,平日,,,,,,,,,,,,,┐,(2),1753,1756,1802,1807,1813,1816,1827,1830,1835,1839,1847,1850,1853,1904,1907,1911,1915,1920,1925
1702F,快速,グリーン車自由席,平日,,,1714,1718,1729,1733,1739,1744,1750,||,1753,1755,1757,(3),,,,,,,,,,,,,,,,,,,
1608F,快速,グリーン車自由席,平日,,君津 1635,1722,1725,1733,1736,1743,1748,1753,||,1757,1759,1801,(1),,,,,,,,,,,,,,,,,,,
1609S,普通,グリーン車自由席,平日,,,,,,,,,,,,,┐,(1),1802,1805,1810,1815,1821,1824,1834,1837,1842,1846,1855,1858,1901,1907,＝,,,,
1762F,快速,グリーン車自由席,平日,,,,,1742,1745,1751,1756,1801,||,1805,1807,1809,(1),,,,,,,,,,,,,,,,,,,
1763S,普通,グリーン車自由席,平日,,,,,,,,,,,,,┐,(1),1810,1813,1818,1823,1829,1832,1842,1846,1851,1855,1901,1904,1907,1917,1920,1924,1927,1933,1938
1742F,快速,グリーン車自由席,平日,,,1734,1738,1746,1749,1755,1800,1805,||,1809,1811,1813,(1),,,,,,,,,,,,,,,,,,,
1743S,普通,グリーン車自由席,平日,,,,,,,,,,,,,┐,(1),1815,1818,1824,1829,1834,1837,1848,1851,1856,1900,1910,1913,1916,1927,1930,1933,1937,＝,
4535Y,快速,グリーン車自由席,平日,,宇都宮 1637,・,・,・,・,・,・,・,・,・,・,・,・,・,・,・,1837,1842,1846,1855,1859,1904,1908,1914,1917,1920,1925,＝,,,,
1614F,快速,グリーン車自由席,平日,,成田空港 1658,1745,1749,1756,1759,1807,1812,1817,||,1821,1823,1825,(1),,,,,,,,,,,,,,,,,,,
1615S,普通,グリーン車自由席,平日,,,,,,,,,,,,,┐,(1),1826,1829,1835,1840,1846,1849,1900,1903,1908,1912,1918,1921,1925,1934,1937,1941,1944,1949,1955
1830F,快速,グリーン車自由席,全日,,,,,1802,1806,1812,1817,1822,||,1825,1827,1830,(3),,,,,,,,,,,,,,,,,,,
1732F,快速,グリーン車自由席,平日,,,1759,1802,1809,1813,1819,1824,1829,||,1832,1834,1837,(1),,,,,,,,,,,,,,,,,,,
1733S,普通,グリーン車自由席,平日,,,,,,,,,,,,,┐,(1),1838,1841,1847,1852,1857,1900,1910,1914,1919,1923,1929,1932,1935,1947,1950,1954,1957,2002,2008
1864F,快速,グリーン車自由席,平日,,,,,1813,1816,1822,1827,1833,||,1837,1839,1841,(1),,,,,,,,,,,,,,,,,,,
1865S,普通,グリーン車自由席,平日,,,,,,,,,,,,,┐,(1),1845,1848,1853,1858,1904,1907,1917,1920,1925,1929,1939,1942,1945,2000,2003,2006,2010,2015,2021
2555Y,普通,グリーン車自由席,平日,,宇都宮 1655,・,・,・,・,・,・,・,・,・,・,・,・,・,・,・,1905,1911,1914,1925,1928,1933,1938,1944,1947,1951,1956,＝,,,,
1892F,快速,グリーン車自由席,平日,,,1812,1816,1824,1828,1837,1842,1847,||,1850,1852,1854,(1),,,,,,,,,,,,,,,,,,,
1893S,普通,グリーン車自由席,平日,,,,,,,,,,,,,┐,(1),1856,1859,1904,1909,1915,1918,1929,1932,1937,1941,1947,＝,,,,,,,
1772F,快速,グリーン車自由席,平日,,君津 1738,1822,1826,1833,1836,1842,1847,1852,||,1856,1858,1900,(3),,,,,,,,,,,,,,,,,,,
1854F,快速,グリーン車自由席,平日,,,,,1836,1840,1846,1851,1856,||,1859,1901,1904,(1),,,,,,,,,,,,,,,,,,,
1855S,普通,グリーン車自由席,平日,,,,,,,,,,,,,┐,(1),1905,1908,1914,1918,1924,1927,1937,1940,1945,1949,1954,1957,2001,2013,2015,2019,2023,2028,2033
1820F,快速,グリーン車自由席,平日,,,1830,1834,1842,1845,1851,1856,1902,||,1906,1908,1910,(2),,,,,,,,,,,,,,,,,,,
1878F,快速,グリーン車自由席,平日,,,,,1847,1850,1856,1901,1906,||,1910,1912,1914,(1),,,,,,,,,,,,,,,,,,,
1879S,普通,グリーン車自由席,平日,,,,,,,,,,,,,┐,(1),1915,1918,1924,1928,1934,1937,1947,1950,1955,1959,2004,2007,2011,2016,＝,,,,
1760F,快速,グリーン車自由席,平日,,上総一ノ宮 1751,1838,1842,1850,1853,1859,1904,1909,||,1913,1915,1917,(2),,,,,,,,,,,,,,,,,,,
1761S,普通,グリーン車自由席,平日,,,,,,,,,,,,,┐,(2),1924,1927,1932,1936,1942,1945,1955,1958,2003,2007,2013,2016,2019,2025,2028,2032,2035,2040,2046
2557Y,普通,グリーン車自由席,平日,,古河 1812,・,・,・,・,・,・,・,・,・,・,・,・,・,・,・,1941,1946,1949,1959,2002,2007,2011,2016,＝,,,,,,,
1818F,快速,グリーン車自由席,平日,,成田空港 1801,1845,1849,1856,1859,1908,1913,1918,||,1921,1923,1926,(1),,,,,,,,,,,,,,,,,,,
1819S,普通,グリーン車自由席,平日,,,,,,,,,,,,,┐,(1),1930,1933,1939,1943,1949,1952,2002,2005,2010,2014,2020,2023,2027,2038,2041,2045,2048,2053,2059
1802F,快速,グリーン車自由席,平日,,,1854,1857,1904,1908,1917,1922,1927,||,1930,1932,1935,(1),,,,,,,,,,,,,,,,,,,
1803S,普通,グリーン車自由席,平日,,,,,,,,,,,,,┐,(1),1937,1940,1945,1950,1956,1959,2009,2012,2017,2021,2028,2031,2034,2040,＝,,,,
1980F,快速,グリーン車自由席,平日,,,1901,1905,1912,1916,1921,1926,1932,||,1935,1937,1940,(1),,,,,,,,,,,,,,,,,,,
1981S,普通,グリーン車自由席,平日,,,,,,,,,,,,,┐,(1),1943,1946,1953,1957,2003,2006,2017,2020,2025,2029,2039,2042,2045,2057,2100,2104,2107,2112,2118
1912F,快速,グリーン車自由席,平日,,,,,1916,1919,1925,1930,1935,||,1939,1941,1943,(3),,,,,,,,,,,,,,,,,,,
1988F,快速,グリーン車自由席,平日,,,1910,1914,1921,1925,1935,1940,1945,||,1949,1951,1953,(1),,,,,,,,,,,,,,,,,,,
1988F,快速,グリーン車自由席,時変 11月6日はこの時刻に変更,,,1910,1914,1921,1925,1935,1940,1945,||,1949,1951,1953,(2) 11月6日はこの時刻に変更,,,,,,,,,,,,,,,,,,,
1989S,普通,グリーン車自由席,平日,,,,,,,,,,,,,┐,(1),1955,1958,2004,2009,2014,2017,2027,2030,2035,2039,2049,2052,2055,2106,2108,2112,2116,＝,
1989S,普通,グリーン車自由席,時変 11月6日はこの時刻に変更,,,,,,,,,,,,,┐,(2) 11月6日はこの時刻に変更,1955,1958,2004,2009,2014,2017,2027,2030,2035,2039,2049,2052,2055,2106,2108,2112,2116,＝,
1884F,快速,グリーン車自由席,平日,,君津 1824,1915,1919,1929,1933,1940,1945,1951,||,1954,1956,1959,(2),,,,,,,,,,,,,,,,,,,
2559Y,普通,グリーン車自由席,平日,,宇都宮 1802,・,・,・,・,・,・,・,・,・,・,・,・,・,・,・,2017,2022,2025,2035,2038,2043,2047,2052,2056,2059,2104,＝,,,,
1886F,快速,グリーン車自由席,平日,,成田空港 1833,1925,1928,1936,1939,1946,1951,1956,||,2000,2002,2004,(1),,,,,,,,,,,,,,,,,,,
1887S,普通,グリーン車自由席,平日,,,,,,,,,,,,,┐,(1),2007,2011,2017,2022,2027,2030,2041,2044,2049,2053,2059,2102,2105,2116,2119,2123,2127,2132,2137
1968F,快速,グリーン車自由席,平日,,,1931,1934,1942,1946,1952,1957,2003,||,2006,2008,2011,(2),,,,,,,,,,,,,,,,,,,
1969S,普通,グリーン車自由席,平日,,,,,,,,,,,,,┐,(2),2017,2020,2026,2030,2036,2039,2049,2052,2057,2101,2107,2110,2113,2118,＝,,,,
1804F,快速,グリーン車自由席,平日,,上総一ノ宮 1855,1940,1943,1950,1954,2002,2007,2012,||,2016,2018,2020,(3),,,,,,,,,,,,,,,,,,,
2561Y,普通,グリーン車自由席,平日,,宇都宮 1825,・,・,・,・,・,・,・,・,・,・,・,・,・,・,・,2037,2043,2046,2055,2059,2103,2107,2113,＝,,,,,,,
1948F,快速,グリーン車自由席,平日,,,,,1958,2001,2007,2012,2018,||,2021,2023,2026,(1),,,,,,,,,,,,,,,,,,,
1948F,快速,グリーン車自由席,時変 11月6日はこの時刻に変更,,,,,1958,2001,2007,2012,2018,||,2021,2023,2026,(2) 11月6日はこの時刻に変更,,,,,,,,,,,,,,,,,,,
1949S,普通,グリーン車自由席,平日,,,,,,,,,,,,,┐,(1),2027,2030,2035,2040,2045,2048,2059,2102,2107,2111,2116,2119,2123,2133,2135,2139,2143,2147,2153
1949S,普通,グリーン車自由席,時変 11月6日はこの時刻に変更,,,,,,,,,,,,,┐,(2) 11月6日はこの時刻に変更,2027,2030,2035,2040,2045,2048,2059,2102,2107,2111,2116,2119,2123,2133,2135,2139,2143,2147,2153
1876F,快速,グリーン車自由席,平日,,成田空港 1853,1951,1954,2001,2005,2011,2016,2021,||,2025,2027,2029,(4),,,,,,,,,,,,,,,,,,,
1924F,快速,グリーン車自由席,平日,,,1959,2002,2009,2013,2019,2024,2029,||,2032,2034,2037,(1),,,,,,,,,,,,,,,,,,,
1925S,普通,グリーン車自由席,平日,,,,,,,,,,,,,┐,(1),2038,2041,2046,2050,2056,2059,2109,2112,2117,2122,2129,2132,2135,2145,2147,2151,2155,2200,2205
2563Y,普通,グリーン車自由席,平日,,宇都宮 1850,・,・,・,・,・,・,・,・,・,・,・,・,・,・,・,2100,2106,2109,2118,2121,2126,2130,2135,＝,,,,,,,
2020F,快速,グリーン車自由席,平日,,,2007,2011,2018,2022,2028,2033,2038,||,2042,2044,2046,(1),,,,,,,,,,,,,,,,,,,
2021S,普通,グリーン車自由席,平日,,,,,,,,,,,,,┐,(1),2048,2051,2058,2102,2108,2111,2121,2124,2129,2133,2142,2145,2149,2202,2204,2208,2212,2217,2223
1952F,快速,グリーン車自由席,平日,,君津 1926,2014,2018,2025,2028,2037,2042,2047,||,2051,2053,2055,(3),,,,,,,,,,,,,,,,,,,
1928F,快速,グリーン車自由席,平日,,成田空港 1937,2024,2028,2035,2039,2045,2050,2055,||,2058,2100,2102,(1),,,,,,,,,,,,,,,,,,,
1929S,普通,グリーン車自由席,平日,,,,,,,,,,,,,┐,(1),2103,2107,2112,2116,2122,2125,2134,2138,2142,2146,2154,2157,2200,2205,＝,,,,
2044F,快速,グリーン車自由席,平日,,,2033,2037,2044,2047,2053,2058,2103,||,2107,2109,2111,(1),,,,,,,,,,,,,,,,,,,
2045S,普通,グリーン車自由席,平日,,,,,,,,,,,,,┐,(1),2113,2116,2121,2125,2131,2134,2143,2146,2151,2155,2201,2204,2207,2217,2220,2224,2227,2232,2238
2565Y,普通,グリーン車自由席,平日,,宇都宮 1928,・,・,・,・,・,・,・,・,・,・,・,・,・,・,・,2135,2140,2143,2152,2155,2200,2204,2210,2213,2217,2222,＝,,,,
1926F,快速,グリーン車自由席,平日,,上総一ノ宮 1953,2043,2046,2054,2058,2104,2109,2114,||,2118,2120,2122,(1),,,,,,,,,,,,,,,,,,,
1927S,普通,グリーン車自由席,平日,,,,,,,,,,,,,┐,(1),2123,2126,2133,2137,2143,2146,2156,2159,2204,2208,2214,2217,2220,2230,2232,2236,2240,2245,2251
2012F,快速,グリーン車自由席,平日,,,2049,2052,2101,2105,2111,2116,2122,||,2125,2127,2130,(1),,,,,,,,,,,,,,,,,,,
2013S,普通,グリーン車自由席,平日,,,,,,,,,,,,,┐,(1),2132,2135,2140,2144,2150,2153,2203,2206,2211,2215,2221,＝,,,,,,,
2066F,快速,グリーン車自由席,平日,,成田空港 2010,2057,2101,2108,2112,2118,2123,2129,||,2133,2135,2137,(1),,,,,,,,,,,,,,,,,,,
2067S,普通,グリーン車自由席,平日,,,,,,,,,,,,,┐,(1),2140,2143,2149,2154,2159,2202,2212,2215,2220,2224,2230,2233,2236,2245,2248,2252,2255,2300,2305
2567Y,普通,グリーン車自由席,平日,,古河 2033,・,・,・,・,・,・,・,・,・,・,・,・,・,・,・,2202,2208,2211,2221,2224,2229,2234,2240,2243,2247,2252,＝,,,,
2108F,快速,グリーン車自由席,平日,,,2106,2110,2117,2121,2129,2134,2140,||,2143,2145,2148,(2),,,,,,,,,,,,,,,,,,,
2030F,快速,グリーン車自由席,全日,,君津 2024,2116,2120,2127,2130,2136,2141,2147,||,2150,2152,2155,(1),,,,,,,,,,,,,,,,,,,
2031S,普通,グリーン車自由席,平日,,,,,,,,,,,,,┐,(1),2156,2159,2204,2209,2215,2218,2228,2231,2236,2240,2246,2249,2252,2302,2305,2309,2312,2317,2323
2046F,快速,グリーン車自由席,平日,,成田空港 2028,2124,2127,2135,2138,2144,2149,2155,||,2158,2200,2203,(3),,,,,,,,,,,,,,,,,,,
2392M,普通,,全日,★ 佐倉－東京間は5046Fに併結,成東 2022,,,,,,,,,,,,,,,,,,,,,,,,,,,,,,,
2156F,快速,グリーン車自由席,平日,,,2129,2133,2140,2143,2149,2154,2159,||,2203,2205,2207,(1),,,,,,,,,,,,,,,,,,,
2157S,普通,グリーン車自由席,平日,,,,,,,,,,,,,┐,(1),2208,2211,2216,2221,2226,2229,2239,2242,2247,2251,2257,2300,2303,2309,＝,,,,
2174F,快速,グリーン車自由席,平日,,,2139,2142,2150,2153,2159,2204,2209,||,2213,2215,2217,(1),,,,,,,,,,,,,,,,,,,
2175S,普通,グリーン車自由席,平日,,,,,,,,,,,,,┐,(1),2218,2221,2226,2231,2236,2239,2249,2252,2257,2301,2311,2314,2317,2327,2329,2333,2337,2341,2347
2569Y,普通,グリーン車自由席,平日,,宇都宮 2036,・,・,・,・,・,・,・,・,・,・,・,・,・,・,・,2240,2245,2248,2257,2301,2305,2309,2315,＝,,,,,,,
2190F,快速,グリーン車自由席,平日,,上総一ノ宮 2104,2149,2152,2159,2203,2209,2214,2219,||,2223,2225,2227,(1),,,,,,,,,,,,,,,,,,,
2191S,普通,グリーン車自由席,平日,,,,,,,,,,,,,┐,(1),2232,2235,2240,2245,2250,2253,2304,2307,2312,2316,2325,2328,2331,2341,2344,2348,2351,2356,0002
2182F,快速,グリーン車自由席,平日,,成田空港 2114,2157,2201,2208,2211,2217,2222,2227,||,2231,2233,2235,(3),,,,,,,,,,,,,,,,,,,
2182F,快速,グリーン車自由席,時変 11月6日はこの時刻に変更,,成田空港 2114,2157,2201,2208,2211,2217,2222,2227,||,2231,2233,2235,(2) 11月6日はこの時刻に変更,,,,,,,,,,,,,,,,,,,
2240F,快速,グリーン車自由席,平日,,,2205,2208,2215,2219,2228,2233,2238,||,2241,2243,2246,(1),,,,,,,,,,,,,,,,,,,
2241S,普通,グリーン車自由席,平日,,,,,,,,,,,,,┐,(1),2248,2251,2256,2301,2306,2309,2319,2322,2327,2331,2338,2341,2344,2353,2356,0000,0003,0008,0014
2106F,快速,グリーン車自由席,平日,,君津 2134,2222,2226,2233,2236,2242,2247,2252,||,2256,2258,2300,(1),,,,,,,,,,,,,,,,,,,
2107S,普通,グリーン車自由席,平日,,,,,,,,,,,,,┐,(1),2304,2307,2312,2317,2322,2325,2336,2339,2344,2350,2356,2359,0002,0011,0014,0018,0021,0026,0032
2250F,快速,グリーン車自由席,平日,,,2233,2236,2244,2247,2253,2258,2303,||,2307,2309,2311,(3),,,,,,,,,,,,,,,,,,,
2250F,快速,グリーン車自由席,時変 11月6日はこの時刻に変更,,,2233,2236,2244,2247,2253,2258,2303,||,2307,2309,2311,(2) 11月6日はこの時刻に変更,,,,,,,,,,,,,,,,,,,
2232F,快速,グリーン車自由席,平日,,,2243,2246,2254,2257,2303,2308,2313,||,2317,2319,2321,(1),,,,,,,,,,,,,,,,,,,
2233S,普通,グリーン車自由席,平日,,,,,,,,,,,,,┐,(1),2322,2325,2331,2335,2341,2344,2354,2357,0002,0006,0011,＝,,,,,,,
2216F,快速,グリーン車自由席,平日,,成田空港 2210,2255,2258,2305,2309,2315,2320,2325,||,2328,2330,2333,(1),,,,,,,,,,,,,,,,,,,
2217S,普通,グリーン車自由席,全日,,,,,,,,,,,,,┐,(1),2335,2338,2343,2348,2353,2356,0008,0011,0016,0020,0025,0028,0031,0037,＝,,,,
2354F,快速,グリーン車自由席,平日,,,2303,2306,2313,2317,2323,2328,2333,||,2336,2338,2341,(4),,,,,,,,,,,,,,,,,,,
2354F,快速,グリーン車自由席,時変 11月6日はこの時刻に変更,,,2303,2306,2313,2317,2323,2328,2333,||,2336,2338,2341,(2) 11月6日はこの時刻に変更,,,,,,,,,,,,,,,,,,,
2346F,快速,グリーン車自由席,全日,,,2311,2315,2322,2325,2331,2336,2341,||,2345,2347,2349,(1),,,,,,,,,,,,,,,,,,,
2347S,普通,グリーン車自由席,全日,,,,,,,,,,,,,┐,(1),2350,2353,2359,0003,0009,0012,0023,0026,0031,0035,0040,＝,,,,,,,
2318F,快速,グリーン車自由席,全日,,,2327,2330,2337,2341,2347,2352,2357,||,0000,0002,0005,(3),,,,,,,,,,,,,,,,,,,
2262F,快速,グリーン車自由席,全日,,成田空港 2257,2350,2354,0001,0004,0010,0015,0021,||,0024,0026,0029,(4),,,,,,,,,,,,,,,,,,,
2262F,快速,グリーン車自由席,時変 11月6日はこの時刻に変更,,成田空港 2257,2350,2354,0001,0004,0010,0015,0021,||,0024,0026,0029,(2) 11月6日はこの時刻に変更,,,,,,,,,,,,,,,,,,,
2388F,快速,グリーン車自由席,平日,,,2356,2359,0006,＝,,,,,,,,,,,,,,,,,,,,,,,,,,,
2450F,快速,グリーン車自由席,平日,,,0015,0018,0026,＝,,,,,,,,,,,,,,,,,,,,,,,,,,,
