列車番号,列車名,設備,運転日,記事,始発,横須賀_発,逗子_発,鎌倉_発,北鎌倉_発,大船_発,戸塚_発,横浜_発,武蔵小杉_発,大宮_発,池袋_発,新宿_発,渋谷_発,品川_発,東京_着,東京番線,東京_発,秋葉原_発,両国_発,錦糸町_発,新小岩_発,市川_発,船橋_発,津田沼_発,稲毛_発,千葉_着,千葉_発,東千葉_発,都賀_発,四街道_発,物井_発,佐倉_着,佐倉_発,酒々井_発,成田_着,成田_発,空港第２ビル_着,成田空港_着,久住_発,滑河_発,下総神崎_発,大戸_発,佐原_着,佐原_発,香取_発,水郷_発,小見川_発,笹川_発,下総橘_発,下総豊里_発,椎柴_発,南酒々井_発,榎戸_発,八街_発,日向_発,成東_着,成東_発,松尾_発,横芝_発,飯倉_発,八日市場_発,干潟_発,旭_発,飯岡_発,倉橋_発,猿田_発,松岸_発,銚子_着,終着
2321M,普通,,全日,,,,,,,,,,,,,,,,,,,,,,,,,,,,,,,,,,,,,,,,,,,,,,,,,,,,,,,,,,,,,,,,0559,0603,0606,0613,0619,0624,
423M,普通,,全日,,,,,,,,,,,,,,,,,,,,,,,,,,,,0450,0452,0456,0500,0504,0507,0508,0514,0521,0521,||,||,0529,0536,0542,0546,0551,0554,0558,0603,0608,0617,0622,0626,0634,||,||,||,||,||,||,||,||,||,||,||,||,||,||,||,0639,0644,
3521M,普通,,全日,,,,,,,,,,,,,,,,,,,,,,,,,,,,,,,,,,,,,0546,||,||,0553,0559,0606,0611,0615,0616,0632,・,・,・,・,・,・,・,・,・,・,・,・,・,・,・,・,・,・,・,・,・,・,・,鹿島神宮 0649
323M,普通,,全日,,,,,,,,,,,,,,,,,,,,,,,,,,,,0533,0535,0539,0543,0547,0550,0552,||,||,||,||,||,||,||,||,||,||,||,||,||,||,||,||,||,||,0557,0602,0606,0613,0618,0618,0624,0629,0633,0637,0642,0650,0654,0657,0701,0707,0712,
565F,快速,,全日,,,,,,,,,,,,,,,,,(4),0504,||,||,0512,0516,0521,0527,0531,0538,0542,,,,,,,,,,,,,,,,,,,,,,,,,,,,,,,,,,,,,,,,,,,
3565F,快速,,全日,,,,,,,,,,,,,,,,,,,,,,,,,,,┐,0543,レ,0548,0552,0556,0600,0600,0606,0613,0619,0628,0630,,,,,,,,,,,,,,,,,,,,,,,,,,,,,,,
425M,普通,,全日,,,,,,,,,,,,,,,,,,,,,,,,,,,,0604,0606,0610,0613,0617,0621,0622,0628,0635,0640,||,||,0648,0655,0701,0705,0710,0718,0722,0727,0733,0738,0744,0748,0754,||,||,||,||,||,||,||,||,||,||,||,||,||,||,||,0800,0805,
557F,快速,,平日,,,,,,,,,,,,,,,,,,,,,,,,,0559,0606,0609,,,,,,,,,,,,,,,,,,,,,,,,,,,,,,,,,,,,,,,,,,,
3557F,快速,,平日,,,,,,,,,,,,,,,,,,,,,,,,,,,┐,0611,レ,0615,0619,0623,0628,0629,0635,0642,0646,0659,0702,,,,,,,,,,,,,,,,,,,,,,,,,,,,,,,
325M,普通,,全日,,,,,,,,,,,,,,,,,,,,,,,,,,,,0615,0618,0621,0625,0629,0633,0634,||,||,||,||,||,||,||,||,||,||,||,||,||,||,||,||,||,||,0639,0643,0647,0653,0658,0700,0706,0711,0715,0719,0724,0729,0737,0741,0750,0756,0800,
513F,快速,,平日,,,,,,,,,,,,,,,,,(4),0542,||,||,0550,0554,0559,0605,0609,0616,0620,,,,,,,,,,,,,,,,,,,,,,,,,,,,,,,,,,,,,,,,,,,
3513F,快速,,全日,,,,,,,,,,,,,,,,,,,,,,,,,,,┐,0621,レ,0626,0629,0634,0638,,,,,,,,,,,,,,,,,,,,,,,,,,,,,,,,,,,,,
327M,普通,,全日,,,,,,,,,,,,,,,,,,,,,,,,,,,,0630,0632,0636,0639,0643,0647,0650,||,||,||,||,||,||,||,||,||,||,||,||,||,||,||,||,||,||,0658,0702,0716,0723,0728,0729,0735,0740,0744,0750,0756,0804,0807,0811,0818,0828,0832,
511F,快速,,平日,,,,,,,,,,,,,,,,,(2),0555,||,||,0603,0607,0612,0618,0622,0629,0633,,,,,,,,,,,,,,,,,,,,,,,,,,,,,,,,,,,,,,,,,,,
3511F,快速,,平日,,,,,,,,,,,,,,,,,,,,,,,,,,,┐,0635,レ,0640,0643,0647,0652,,,,,,,,,,,,,,,,,,,,,,,,,,,,,,,,,,,,,
492S,普通,,平日,,久里浜 0447,0457,0511,0515,0518,0522,0527,0539,0551,||,||,||,||,0601,0609,(3),,,,,,,,,,,,,,,,,,,,,,,,,,,,,,,,,,,,,,,,,,,,,,,,,,,,,
493F,快速,,平日,,,,,,,,,,,,,,,,┐,(3),0610,||,||,0618,0623,0630,0636,0640,0647,0651,,,,,,,,,,,,,,,,,,,,,,,,,,,,,,,,,,,,,,,,,,,
3493F,快速,,平日,,,,,,,,,,,,,,,,,,,,,,,,,,,┐,0652,レ,0657,0700,0704,0708,0709,0715,0722,0722,0731,0734,,,,,,,,,,,,,,,,,,,,,,,,,,,,,,,
2001M,特急 成田エクスプレス1号,,全日,,,,,,,0528,0533,0544,0555,||,||,||,||,0605,0612,(4),0618,||,||,レ,レ,レ,レ,レ,レ,0643,0644,レ,レ,レ,レ,レ,レ,レ,レ,レ,0715,0719,,,,,,,,,,,,,,,,,,,,,,,,,,,,,,,
2201M,特急 成田エクスプレス1号,,全日,★ 東京－成田空港間は2001M〔成田エクスプレス1号〕に併結,,,,,,,,,,,,0555,0601,レ,0616,(4),┘,,,,,,,,,,,,,,,,,,,,,,,,,,,,,,,,,,,,,,,,,,,,,,,,,,,,
427M,普通,,全日,,,,,,,,,,,,,,,,,,,,,,,,,,,,0646,0648,0652,0656,0700,0703,0704,0710,0717,0727,||,||,0734,0741,0750,0755,0800,0805,0809,0814,0819,0825,0830,0837,0843,||,||,||,||,||,||,||,||,||,||,||,||,||,||,||,0848,0852,
1429M,普通,,全日,,,,,,,,,,,,,,,,,,,,,,,,,,,,0709,0711,0715,0719,0723,0727,0727,0734,0741,,,,,,,,,,,,,,,,,,,,,,,,,,,,,,,,,,
329M,普通,,全日,,,,,,,,,,,,,,,,,,,,,,,,,,,,0715,0717,0721,0725,0729,0733,0734,||,||,||,||,||,||,||,||,||,||,||,||,||,||,||,||,||,||,0739,0745,0749,0758,0803,0811,0822,0827,0831,0839,0844,0849,0852,0856,0859,0906,0910,
2003M,特急 成田エクスプレス3号,,全日,,,,,,,0606,0612,0622,0634,||,||,||,||,0647,0654,(4),0700,||,||,レ,レ,レ,レ,レ,レ,0726,0726,レ,レ,レ,レ,レ,レ,レ,レ,レ,0754,0758,,,,,,,,,,,,,,,,,,,,,,,,,,,,,,,
2203M,特急 成田エクスプレス3号,,全日,★ 東京－成田空港間は2003M〔成田エクスプレス3号〕に併結,,,,,,,,,,,,0634,0640,レ,0658,(4),┘,,,,,,,,,,,,,,,,,,,,,,,,,,,,,,,,,,,,,,,,,,,,,,,,,,,,
1431M,普通,,全日,,,,,,,,,,,,,,,,,,,,,,,,,,,,0734,0737,0741,0745,0750,0754,0757,0804,0810,0812,0821,0824,,,,,,,,,,,,,,,,,,,,,,,,,,,,,,,
737F,快速,,平日,,,,,,,,,,,,,,,,,(2),0709,||,||,0718,0722,0727,0733,0738,0745,0749,,,,,,,,,,,,,,,,,,,,,,,,,,,,,,,,,,,,,,,,,,,
3737F,快速,,平日,,,,,,,,,,,,,,,,,,,,,,,,,,,┐,0753,レ,0758,0803,0807,0812,0819,0825,0832,0837,0845,0848,,,,,,,,,,,,,,,,,,,,,,,,,,,,,,,
2005M,特急 成田エクスプレス5号,,全日,,,,,,,0638,0644,0656,0708,||,||,||,||,0718,0725,(4),0731,||,||,レ,レ,レ,レ,レ,レ,0758,0758,レ,レ,レ,レ,レ,レ,レ,レ,レ,0832,0836,,,,,,,,,,,,,,,,,,,,,,,,,,,,,,,
2205M,特急 成田エクスプレス5号,,全日,★ 東京－成田空港間は2005M〔成田エクスプレス5号〕に併結,,,,,,,,,,,,0707,0713,レ,0729,(4),┘,,,,,,,,,,,,,,,,,,,,,,,,,,,,,,,,,,,,,,,,,,,,,,,,,,,,
1331M,普通,,全日,,,,,,,,,,,,,,,,,,,,,,,,,,,,0803,0806,0809,0818,0823,0827,0830,||,||,||,||,||,||,||,||,||,||,||,||,||,||,||,||,||,||,0835,0842,0846,0852,0858,,,,,,,,,,,,,
4001M,特急 しおさい1号,,全日,,,,,,,,,,,,,,,,,(2),0737,||,||,0745,レ,レ,0758,レ,レ,0809,0810,レ,レ,レ,レ,0822,0823,||,||,||,||,||,||,||,||,||,||,||,||,||,||,||,||,||,||,レ,レ,0838,レ,0848,0849,レ,0859,レ,0905,レ,0914,0918,レ,レ,レ,0932,
2433M,普通,,全日,,,,,,,,,,,,,,,,,,,,,,,,,,,,,,,,,,,,,0840,||,||,0848,0854,0900,0905,0910,0911,0915,0919,0925,0930,0936,0940,0945,||,||,||,||,||,||,||,||,||,||,||,||,||,||,||,0951,0956,
1435M,普通,,全日,,,,,,,,,,,,,,,,,,,,,,,,,,,,0821,0824,0828,0831,0835,0839,0843,0850,0857,,,,,,,,,,,,,,,,,,,,,,,,,,,,,,,,,,
2007M,特急 成田エクスプレス7号,,全日,,,,,,,0700,0706,0717,0729,||,||,||,||,0739,0748,(4),0756,||,||,レ,レ,レ,レ,レ,レ,0829,0830,レ,レ,レ,レ,レ,レ,レ,レ,レ,0858,0902,,,,,,,,,,,,,,,,,,,,,,,,,,,,,,,
2207M,特急 成田エクスプレス7号,,全日,★ 東京－成田空港間は2007M〔成田エクスプレス7号〕に併結,,,,,,,,,,,,0727,0733,レ,0752,(4),┘,,,,,,,,,,,,,,,,,,,,,,,,,,,,,,,,,,,,,,,,,,,,,,,,,,,,
333M,普通,,全日,,,,,,,,,,,,,,,,,,,,,,,,,,,,0838,0841,0845,0848,0852,0856,0857,||,||,||,||,||,||,||,||,||,||,||,||,||,||,||,||,||,||,0902,0905,0913,0919,0925,0925,0931,0936,0940,0947,0952,0957,1005,1009,1019,1028,1033,
658S,普通,,平日,,久里浜 0638,0648,0706,0710,0713,0718,0724,0737,0750,||,||,||,||,0800,0807,(3),,,,,,,,,,,,,,,,,,,,,,,,,,,,,,,,,,,,,,,,,,,,,,,,,,,,,
659F,快速,,平日,,,,,,,,,,,,,,,,┐,(3),0809,||,||,0817,0822,0827,0833,0837,0844,0848,,,,,,,,,,,,,,,,,,,,,,,,,,,,,,,,,,,,,,,,,,,
3659F,快速,,平日,,,,,,,,,,,,,,,,,,,,,,,,,,,┐,0851,レ,0856,0859,0904,0907,0911,0918,0925,0930,0939,0942,,,,,,,,,,,,,,,,,,,,,,,,,,,,,,,
2437M,普通,,全日,,,,,,,,,,,,,,,,,,,,,,,,,,,,,,,,,,,,,0940,||,||,0948,0954,1000,1005,1010,1011,1015,1019,1025,1030,1036,1040,1045,||,||,||,||,||,||,||,||,||,||,||,||,||,||,||,1051,1056,
2209M,特急 成田エクスプレス9号,,全日,,,,,,,,,,,,,0805,0810,0819,0828,(4),,,,,,,,,,,,,,,,,,,,,,,,,,,,,,,,,,,,,,,,,,,,,,,,,,,,,
2009M,特急 成田エクスプレス9号,,全日,,,,,,,,,,,,,,,,┐,(4),0830,||,||,レ,レ,レ,レ,レ,レ,レ,レ,レ,レ,レ,レ,レ,レ,レ,レ,レ,0925,0929,,,,,,,,,,,,,,,,,,,,,,,,,,,,,,,
1335M,普通,,全日,,,,,,,,,,,,,,,,,,,,,,,,,,,,0906,0908,0912,0916,0920,0924,,,,,,,,,,,,,,,,,,,,,,,,,,,,,,,,,,,,,
337M,普通,,全日,,,,,,,,,,,,,,,,,,,,,,,,,,,,0916,0918,0922,0926,0930,0934,0935,||,||,||,||,||,||,||,||,||,||,||,||,||,||,||,||,||,||,0939,0943,0951,0958,1003,1007,1013,1026,1030,1037,1042,1047,1051,1055,1059,1108,1112,
2011M,特急 成田エクスプレス11号,,全日,,,,,,,0808,0814,0826,0838,||,||,||,||,0849,0857,(4),0900,||,||,レ,レ,レ,レ,レ,レ,0928,0929,レ,レ,レ,レ,レ,レ,レ,レ,レ,0954,0958,,,,,,,,,,,,,,,,,,,,,,,,,,,,,,,
1439M,普通,,全日,,,,,,,,,,,,,,,,,,,,,,,,,,,,0935,0937,0941,0945,0949,0953,0953,1000,1006,,,,,,,,,,,,,,,,,,,,,,,,,,,,,,,,,,
1339M,普通,,全日,,,,,,,,,,,,,,,,,,,,,,,,,,,,0947,0949,0953,0957,1001,1005,1010,||,||,||,||,||,||,||,||,||,||,||,||,||,||,||,||,||,||,1015,1018,1022,1029,1034,,,,,,,,,,,,,
708S,普通,,平日,,久里浜 0749,0759,0814,0818,0821,0826,0831,0843,0856,||,||,||,||,0906,0913,(3),,,,,,,,,,,,,,,,,,,,,,,,,,,,,,,,,,,,,,,,,,,,,,,,,,,,,
709F,快速,,平日,,,,,,,,,,,,,,,,┐,(3),0914,||,||,0923,0927,0932,0938,0942,0949,0953,,,,,,,,,,,,,,,,,,,,,,,,,,,,,,,,,,,,,,,,,,,
3709F,快速,,平日,,,,,,,,,,,,,,,,,,,,,,,,,,,┐,1000,レ,1004,1008,1012,1016,1017,1023,1030,1031,1040,1043,,,,,,,,,,,,,,,,,,,,,,,,,,,,,,,
2213M,特急 成田エクスプレス13号,,平日,,,,,,,,,,,,,0905,0911,0921,0928,(4),,,,,,,,,,,,,,,,,,,,,,,,,,,,,,,,,,,,,,,,,,,,,,,,,,,,,
2013M,特急 成田エクスプレス13号,,全日,,,,,,,,,,,,,,,,┐,(4),0930,||,||,レ,レ,レ,レ,レ,レ,レ,レ,レ,レ,レ,レ,レ,レ,レ,レ,レ,1024,1028,,,,,,,,,,,,,,,,,,,,,,,,,,,,,,,
2441M,普通,,全日,,,,,,,,,,,,,,,,,,,,,,,,,,,,,,,,,,,,,1040,||,||,1048,1054,1100,1105,1110,1111,1115,1119,1125,1130,1136,1140,1145,||,||,||,||,||,||,||,||,||,||,||,||,||,||,||,1151,1155,
341M,普通,,全日,,,,,,,,,,,,,,,,,,,,,,,,,,,,1017,1020,1023,1027,1031,1035,1039,||,||,||,||,||,||,||,||,||,||,||,||,||,||,||,||,||,||,1044,1048,1052,1102,1108,1109,1115,1132,1136,1140,1145,1149,1153,1156,1203,1212,1216,
2015M,特急 成田エクスプレス15号,,全日,,,,,,,0910,0916,0928,0940,||,||,||,||,0950,0956,(4),1003,||,||,レ,レ,レ,レ,レ,レ,1027,1028,レ,レ,レ,レ,レ,レ,レ,レ,レ,1054,1058,,,,,,,,,,,,,,,,,,,,,,,,,,,,,,,
2215M,特急 成田エクスプレス15号,,平日,★ 東京－成田空港間は2015M〔成田エクスプレス15号〕に併結,,,,,,,,,,,,0940,0945,レ,1001,(4),┘,,,,,,,,,,,,,,,,,,,,,,,,,,,,,,,,,,,,,,,,,,,,,,,,,,,,
1443M,普通,,全日,,,,,,,,,,,,,,,,,,,,,,,,,,,,1031,1033,1037,1041,1045,1049,1054,1101,1107,,,,,,,,,,,,,,,,,,,,,,,,,,,,,,,,,,
4003M,特急 しおさい3号,,全日,,,,,,,,,,,,,,,,,(2),1010,||,||,1017,レ,レ,1029,レ,レ,1039,1040,レ,レ,レ,レ,1051,1052,||,||,||,||,||,||,||,||,||,||,||,||,||,||,||,||,||,||,レ,レ,1107,レ,1117,1118,レ,1128,レ,1134,レ,1143,1146,レ,レ,レ,1200,
1343M,普通,,全日,,,,,,,,,,,,,,,,,,,,,,,,,,,,1042,1045,1048,1052,1056,1100,1102,||,||,||,||,||,||,||,||,||,||,||,||,||,||,||,||,||,||,1108,1115,1130,1137,1142,,,,,,,,,,,,,
972S,普通,,平日,,,,0908,0913,0916,0923,0928,0940,0953,||,||,||,||,1003,1011,(3),,,,,,,,,,,,,,,,,,,,,,,,,,,,,,,,,,,,,,,,,,,,,,,,,,,,,
973F,快速,,平日,,,,,,,,,,,,,,,,┐,(3),1015,||,||,1024,1028,1033,1039,1044,1051,1055,,,,,,,,,,,,,,,,,,,,,,,,,,,,,,,,,,,,,,,,,,,
3973F,快速,,平日,,,,,,,,,,,,,,,,,,,,,,,,,,,┐,1100,レ,1104,1108,1112,1116,1117,1123,1130,1131,1140,1143,,,,,,,,,,,,,,,,,,,,,,,,,,,,,,,
2445M,普通,,全日,,,,,,,,,,,,,,,,,,,,,,,,,,,,,,,,,,,,,1140,||,||,1148,1154,1201,1207,1211,1212,1217,1221,1227,1233,1238,1242,1247,||,||,||,||,||,||,||,||,||,||,||,||,||,||,||,1253,1258,
2217M,特急 成田エクスプレス17号,,平日,,,,,,,,,,,,,1009,1014,1023,1030,(4),,,,,,,,,,,,,,,,,,,,,,,,,,,,,,,,,,,,,,,,,,,,,,,,,,,,,
2017M,特急 成田エクスプレス17号,,全日,,,,,,,,,,,,,,,,┐,(4),1033,||,||,レ,レ,レ,レ,レ,レ,レ,レ,レ,レ,レ,レ,レ,レ,レ,レ,レ,1123,1127,,,,,,,,,,,,,,,,,,,,,,,,,,,,,,,
345M,普通,,全日,,,,,,,,,,,,,,,,,,,,,,,,,,,,1114,1116,1120,1124,1128,1131,1132,||,||,||,||,||,||,||,||,||,||,||,||,||,||,||,||,||,||,1138,1142,1146,1153,1158,1200,1205,1210,1214,1225,1230,1241,1245,1248,1252,1259,1303,
2019M,特急 成田エクスプレス19号,,全日,,,,,,,1010,1016,1028,1039,||,||,||,||,1049,1056,(4),1103,||,||,レ,レ,レ,レ,レ,レ,1127,1128,レ,レ,レ,レ,レ,レ,レ,レ,レ,1153,1157,,,,,,,,,,,,,,,,,,,,,,,,,,,,,,,
2219M,特急 成田エクスプレス19号,,全日,★ 東京－成田空港間は2019M〔成田エクスプレス19号〕に併結,,,,,,,,,,,,1038,1044,レ,1100,(4),┘,,,,,,,,,,,,,,,,,,,,,,,,,,,,,,,,,,,,,,,,,,,,,,,,,,,,
1447M,普通,,全日,,,,,,,,,,,,,,,,,,,,,,,,,,,,1131,1133,1137,1141,1145,1149,1150,1156,1203,1207,1216,1219,,,,,,,,,,,,,,,,,,,,,,,,,,,,,,,
1347M,普通,,全日,,,,,,,,,,,,,,,,,,,,,,,,,,,,1142,1144,1148,1152,1156,1200,1202,||,||,||,||,||,||,||,||,||,||,||,||,||,||,||,||,||,||,1208,1212,1216,1222,1228,,,,,,,,,,,,,
1004S,普通,,平日,,,,1014,1019,1022,1026,1031,1042,1055,||,||,||,||,1104,1112,(4),,,,,,,,,,,,,,,,,,,,,,,,,,,,,,,,,,,,,,,,,,,,,,,,,,,,,
1005F,快速,,平日,,,,,,,,,,,,,,,,┐,(4),1115,||,||,1124,1128,1133,1139,1144,1151,1155,,,,,,,,,,,,,,,,,,,,,,,,,,,,,,,,,,,,,,,,,,,
4005F,快速,,平日,,,,,,,,,,,,,,,,,,,,,,,,,,,┐,1200,レ,1204,1208,1212,1216,1216,1222,1229,1230,1241,1244,,,,,,,,,,,,,,,,,,,,,,,,,,,,,,,
2221M,特急 成田エクスプレス21号,,全日,,,,,,,,,,,,,1108,1114,1123,1130,(4),,,,,,,,,,,,,,,,,,,,,,,,,,,,,,,,,,,,,,,,,,,,,,,,,,,,,
2021M,特急 成田エクスプレス21号,,全日,,,,,,,,,,,,,,,,┐,(4),1133,||,||,レ,レ,レ,レ,レ,レ,レ,レ,レ,レ,レ,レ,レ,レ,レ,レ,レ,1227,1231,,,,,,,,,,,,,,,,,,,,,,,,,,,,,,,
349M,普通,,全日,,,,,,,,,,,,,,,,,,,,,,,,,,,,1214,1216,1220,1224,1228,1231,1232,||,||,||,||,||,||,||,||,||,||,||,||,||,||,||,||,||,||,1238,1242,1246,1253,1258,1304,1310,1314,1319,1325,1330,1335,1339,1343,1347,1353,1358,
2449M,普通,,全日,,,,,,,,,,,,,,,,,,,,,,,,,,,,,,,,,,,,,1240,||,||,1248,1254,1304,1316,1320,1321,1325,1330,1337,1343,1348,1352,1358,||,||,||,||,||,||,||,||,||,||,||,||,||,||,||,1409,1414,
2023M,特急 成田エクスプレス23号,,全日,,,,,,,1110,1116,1128,1139,||,||,||,||,1149,1157,(4),1203,||,||,レ,レ,レ,レ,レ,レ,1227,1228,レ,レ,レ,レ,レ,レ,レ,レ,レ,1254,1258,,,,,,,,,,,,,,,,,,,,,,,,,,,,,,,
2223M,特急 成田エクスプレス23号,,全日,★ 東京－成田空港間は2023M〔成田エクスプレス23号〕に併結,,,,,,,,,,,,1138,1144,レ,1201,(4),┘,,,,,,,,,,,,,,,,,,,,,,,,,,,,,,,,,,,,,,,,,,,,,,,,,,,,
1451M,普通,,全日,,,,,,,,,,,,,,,,,,,,,,,,,,,,1231,1233,1237,1241,1245,1249,1250,1256,1303,,,,,,,,,,,,,,,,,,,,,,,,,,,,,,,,,,
1351M,普通,,全日,,,,,,,,,,,,,,,,,,,,,,,,,,,,1242,1244,1248,1252,1256,1300,1302,||,||,||,||,||,||,||,||,||,||,||,||,||,||,||,||,||,||,1308,1319,1327,1334,1339,,,,,,,,,,,,,
1028S,普通,,平日,,久里浜 1048,1058,1112,1116,1119,1126,1131,1142,1155,||,||,||,||,1204,1212,(4),,,,,,,,,,,,,,,,,,,,,,,,,,,,,,,,,,,,,,,,,,,,,,,,,,,,,
1029F,快速,,平日,,,,,,,,,,,,,,,,┐,(4),1215,||,||,1224,1228,1233,1239,1244,1251,1255,,,,,,,,,,,,,,,,,,,,,,,,,,,,,,,,,,,,,,,,,,,
4029F,快速,,平日,,,,,,,,,,,,,,,,,,,,,,,,,,,┐,1300,レ,1304,1308,1312,1316,1317,1323,1330,1331,1340,1343,,,,,,,,,,,,,,,,,,,,,,,,,,,,,,,
2225M,特急 成田エクスプレス25号,,全日,,,,,,,,,,,,,1208,1214,1224,1231,(4),,,,,,,,,,,,,,,,,,,,,,,,,,,,,,,,,,,,,,,,,,,,,,,,,,,,,
2025M,特急 成田エクスプレス25号,,全日,,,,,,,,,,,,,,,,┐,(4),1233,||,||,レ,レ,レ,レ,レ,レ,レ,レ,レ,レ,レ,レ,レ,レ,レ,レ,レ,1323,1326,,,,,,,,,,,,,,,,,,,,,,,,,,,,,,,
353M,普通,,全日,,,,,,,,,,,,,,,,,,,,,,,,,,,,1312,1314,1318,1322,1326,1330,1332,||,||,||,||,||,||,||,||,||,||,||,||,||,||,||,||,||,||,1338,1342,1346,1353,1358,1400,1405,1410,1414,1421,1426,1431,1434,1438,1441,1447,1451,
2453M,普通,,全日,,,,,,,,,,,,,,,,,,,,,,,,,,,,,,,,,,,,,1340,||,||,1348,1354,1401,1406,1411,1411,1416,1420,1426,1431,1437,1441,1446,||,||,||,||,||,||,||,||,||,||,||,||,||,||,||,1451,1456,
2027M,特急 成田エクスプレス27号,,全日,,,,,,,1210,1218,1229,1240,||,||,||,||,1250,1257,(4),1303,||,||,レ,レ,レ,レ,レ,レ,1327,1328,レ,レ,レ,レ,レ,レ,レ,レ,レ,1353,1357,,,,,,,,,,,,,,,,,,,,,,,,,,,,,,,
2227M,特急 成田エクスプレス27号,,全日,★ 東京－成田空港間は2027M〔成田エクスプレス27号〕に併結,,,,,,,,,,,,1238,1244,レ,1301,(4),┘,,,,,,,,,,,,,,,,,,,,,,,,,,,,,,,,,,,,,,,,,,,,,,,,,,,,
1455M,普通,,全日,,,,,,,,,,,,,,,,,,,,,,,,,,,,1331,1333,1337,1341,1345,1349,1350,1356,1403,1407,1416,1419,,,,,,,,,,,,,,,,,,,,,,,,,,,,,,,
355M,普通,,全日,,,,,,,,,,,,,,,,,,,,,,,,,,,,1342,1344,1348,1352,1356,1400,1402,||,||,||,||,||,||,||,||,||,||,||,||,||,||,||,||,||,||,1408,1412,1416,1422,1428,1442,1447,1452,1457,1501,1506,1517,1521,1525,1528,1535,1539,
1146S,普通,,全日,,久里浜 1144,1154,1212,1216,1219,1226,1231,1242,1255,||,||,||,||,1304,1312,(4),,,,,,,,,,,,,,,,,,,,,,,,,,,,,,,,,,,,,,,,,,,,,,,,,,,,,
1147F,快速,,全日,,,,,,,,,,,,,,,,┐,(4),1315,||,||,1324,1328,1333,1339,1344,1351,1355,,,,,,,,,,,,,,,,,,,,,,,,,,,,,,,,,,,,,,,,,,,
4147F,快速,,全日,,,,,,,,,,,,,,,,,,,,,,,,,,,┐,1400,レ,1404,1408,1412,1416,1416,1422,1429,1430,1441,1444,,,,,,,,,,,,,,,,,,,,,,,,,,,,,,,
2457M,普通,,全日,,,,,,,,,,,,,,,,,,,,,,,,,,,,,,,,,,,,,1440,||,||,1448,1454,1502,1507,1511,1512,1517,1521,1527,1532,1538,1542,1547,||,||,||,||,||,||,||,||,||,||,||,||,||,||,||,1553,1558,
2229M,特急 成田エクスプレス29号,,全日,,,,,,,,,,,,,1308,1314,1324,1331,(4),,,,,,,,,,,,,,,,,,,,,,,,,,,,,,,,,,,,,,,,,,,,,,,,,,,,,
2029M,特急 成田エクスプレス29号,,全日,,,,,,,,,,,,,,,,┐,(4),1333,||,||,レ,レ,レ,レ,レ,レ,レ,レ,レ,レ,レ,レ,レ,レ,レ,レ,レ,1427,1431,,,,,,,,,,,,,,,,,,,,,,,,,,,,,,,
1357M,普通,,全日,,,,,,,,,,,,,,,,,,,,,,,,,,,,1414,1416,1420,1424,1428,1431,1432,||,||,||,||,||,||,||,||,||,||,||,||,||,||,||,||,||,||,1438,1442,1446,1453,1458,,,,,,,,,,,,,
2031M,特急 成田エクスプレス31号,,全日,,,,,,,1310,1318,1329,1340,||,||,||,||,1350,1357,(4),1403,||,||,レ,レ,レ,レ,レ,レ,1427,1428,レ,レ,レ,レ,レ,レ,レ,レ,レ,1454,1458,,,,,,,,,,,,,,,,,,,,,,,,,,,,,,,
2231M,特急 成田エクスプレス31号,,全日,★ 東京－成田空港間は2031M〔成田エクスプレス31号〕に併結,,,,,,,,,,,,1338,1344,レ,1401,(4),┘,,,,,,,,,,,,,,,,,,,,,,,,,,,,,,,,,,,,,,,,,,,,,,,,,,,,
1459M,普通,,全日,,,,,,,,,,,,,,,,,,,,,,,,,,,,1431,1433,1437,1441,1445,1449,1450,1456,1503,,,,,,,,,,,,,,,,,,,,,,,,,,,,,,,,,,
359M,普通,,全日,,,,,,,,,,,,,,,,,,,,,,,,,,,,1442,1444,1448,1452,1456,1500,1502,||,||,||,||,||,||,||,||,||,||,||,||,||,||,||,||,||,||,1508,1512,1516,1522,1528,1531,1541,1546,1550,1554,1559,1615,1620,1623,1627,1633,1638,
1250S,普通,,全日,,久里浜 1244,1254,1312,1316,1319,1326,1331,1342,1355,||,||,||,||,1404,1412,(4),,,,,,,,,,,,,,,,,,,,,,,,,,,,,,,,,,,,,,,,,,,,,,,,,,,,,
1251F,快速,,平日,,,,,,,,,,,,,,,,┐,(4),1415,||,||,1424,1428,1433,1439,1444,1451,1455,,,,,,,,,,,,,,,,,,,,,,,,,,,,,,,,,,,,,,,,,,,
4251F,快速,,全日,,,,,,,,,,,,,,,,,,,,,,,,,,,┐,1500,レ,1504,1508,1512,1516,1517,1523,1530,1531,1540,1543,,,,,,,,,,,,,,,,,,,,,,,,,,,,,,,
2233M,特急 成田エクスプレス33号,,全日,,,,,,,,,,,,,1408,1414,1424,1431,(4),,,,,,,,,,,,,,,,,,,,,,,,,,,,,,,,,,,,,,,,,,,,,,,,,,,,,
2033M,特急 成田エクスプレス33号,,全日,,,,,,,,,,,,,,,,┐,(4),1433,||,||,レ,レ,レ,レ,レ,レ,レ,レ,レ,レ,レ,レ,レ,レ,レ,レ,レ,1523,1527,,,,,,,,,,,,,,,,,,,,,,,,,,,,,,,
4005M,特急 しおさい5号,,全日,,,,,,,,,,,,,,,,,(2),1439,||,||,1446,レ,レ,1458,レ,レ,1509,1510,レ,レ,レ,レ,1521,1522,||,||,||,||,||,||,||,||,||,||,||,||,||,||,||,||,||,||,レ,レ,1532,レ,1543,1547,レ,1556,レ,1602,レ,1611,1615,レ,レ,レ,1629,
2461M,普通,,全日,,,,,,,,,,,,,,,,,,,,,,,,,,,,,,,,,,,,,1536,||,||,1543,1550,1556,1602,1606,1607,1611,1616,1621,1632,1638,1642,1647,||,||,||,||,||,||,||,||,||,||,||,||,||,||,||,1653,1657,
1361M,普通,,全日,,,,,,,,,,,,,,,,,,,,,,,,,,,,1512,1514,1518,1522,1526,1530,1532,||,||,||,||,||,||,||,||,||,||,||,||,||,||,||,||,||,||,1541,1544,1548,1555,1600,,,,,,,,,,,,,
2035M,特急 成田エクスプレス35号,,全日,,,,,,,1410,1416,1428,1439,||,||,||,||,1449,1456,(4),1503,||,||,レ,レ,レ,レ,レ,レ,1527,1527,レ,レ,レ,レ,レ,レ,レ,レ,レ,1553,1557,,,,,,,,,,,,,,,,,,,,,,,,,,,,,,,
2235M,特急 成田エクスプレス35号,,全日,★ 東京－成田空港間は2035M〔成田エクスプレス35号〕に併結,,,,,,,,,,,,1438,1444,レ,1500,(4),┘,,,,,,,,,,,,,,,,,,,,,,,,,,,,,,,,,,,,,,,,,,,,,,,,,,,,
1463M,普通,,全日,,,,,,,,,,,,,,,,,,,,,,,,,,,,1531,1533,1537,1541,1545,1549,1550,1556,1603,1607,1615,1618,,,,,,,,,,,,,,,,,,,,,,,,,,,,,,,
363M,普通,,全日,,,,,,,,,,,,,,,,,,,,,,,,,,,,1542,1544,1548,1552,1556,1600,1602,||,||,||,||,||,||,||,||,||,||,||,||,||,||,||,||,||,||,1610,1614,1619,1625,1631,1631,1637,1642,1646,1650,1655,1700,1703,1707,1710,1716,1721,
1314S,普通,,全日,,久里浜 1344,1354,1412,1416,1419,1426,1431,1442,1455,||,||,||,||,1504,1512,(4),,,,,,,,,,,,,,,,,,,,,,,,,,,,,,,,,,,,,,,,,,,,,,,,,,,,,
1315F,快速,,平日,,,,,,,,,,,,,,,,┐,(4),1515,||,||,1524,1529,1534,1540,1544,1551,1555,,,,,,,,,,,,,,,,,,,,,,,,,,,,,,,,,,,,,,,,,,,
4315F,快速,,全日,,,,,,,,,,,,,,,,,,,,,,,,,,,┐,1600,レ,1604,1608,1612,1616,1617,1624,1630,1631,1640,1643,,,,,,,,,,,,,,,,,,,,,,,,,,,,,,,
2465M,普通,,全日,,,,,,,,,,,,,,,,,,,,,,,,,,,,,,,,,,,,,1636,||,||,1643,1650,1656,1704,1708,1709,1714,1718,1724,1736,1741,1746,1751,||,||,||,||,||,||,||,||,||,||,||,||,||,||,||,1756,1801,
2237M,特急 成田エクスプレス37号,,全日,,,,,,,,,,,,,1508,1514,1524,1531,(4),,,,,,,,,,,,,,,,,,,,,,,,,,,,,,,,,,,,,,,,,,,,,,,,,,,,,
2037M,特急 成田エクスプレス37号,,全日,,,,,,,,,,,,,,,,┐,(4),1533,||,||,レ,レ,レ,レ,レ,レ,レ,レ,レ,レ,レ,レ,レ,レ,レ,レ,レ,1627,1631,,,,,,,,,,,,,,,,,,,,,,,,,,,,,,,
1365M,普通,,全日,,,,,,,,,,,,,,,,,,,,,,,,,,,,1611,1614,1618,1622,1626,1630,1632,||,||,||,||,||,||,||,||,||,||,||,||,||,||,||,||,||,||,1640,1644,1648,1654,1700,,,,,,,,,,,,,
1467M,普通,,全日,,,,,,,,,,,,,,,,,,,,,,,,,,,,1621,1623,1627,1635,1639,1643,1644,1650,1657,1657,1706,1709,,,,,,,,,,,,,,,,,,,,,,,,,,,,,,,
2039M,特急 成田エクスプレス39号,,全日,,,,,,,1510,1516,1528,1539,||,||,||,||,1549,1556,(4),1603,||,||,レ,レ,レ,レ,レ,レ,1627,1628,レ,レ,レ,レ,レ,レ,レ,レ,レ,1653,1657,,,,,,,,,,,,,,,,,,,,,,,,,,,,,,,
2239M,特急 成田エクスプレス39号,,全日,★ 東京－成田空港間は2039M〔成田エクスプレス39号〕に併結,,,,,,,,,,,,1538,1544,レ,1600,(4),┘,,,,,,,,,,,,,,,,,,,,,,,,,,,,,,,,,,,,,,,,,,,,,,,,,,,,
1469M,普通,,全日,,,,,,,,,,,,,,,,,,,,,,,,,,,,1635,1637,1641,1645,1649,1653,1655,1701,1708,1709,||,||,1721,1728,1734,1738,1743,,,,,,,,,,,,,,,,,,,,,,,,,,
367M,普通,,全日,,,,,,,,,,,,,,,,,,,,,,,,,,,,1642,1644,1648,1652,1656,1700,1702,||,||,||,||,||,||,||,||,||,||,||,||,||,||,||,||,||,||,1709,1713,1722,1728,1734,1738,1744,1749,1753,1807,1812,1817,1820,1824,1831,1837,1841,
1619F,快速,,平日,,,,,,,,,,,,,,,,,(2),1606,||,||,1615,1619,1624,1630,1634,1641,1645,,,,,,,,,,,,,,,,,,,,,,,,,,,,,,,,,,,,,,,,,,,
4619F,快速,,全日,,,,,,,,,,,,,,,,,,,,,,,,,,,┐,1649,レ,1654,1658,1702,1706,1710,1717,1724,1732,1741,1744,,,,,,,,,,,,,,,,,,,,,,,,,,,,,,,
471M,普通,,全日,,,,,,,,,,,,,,,,,,,,,,,,,,,,1702,1704,1708,1712,1717,1720,1721,1728,1735,1739,||,||,1747,1754,1806,1810,1815,1816,1820,1825,1830,1836,1841,1848,1853,||,||,||,||,||,||,||,||,||,||,||,||,||,||,||,1859,1903,
2241M,特急 成田エクスプレス41号,,全日,,,,,,,,,,,,,1608,1614,1624,1631,(4),,,,,,,,,,,,,,,,,,,,,,,,,,,,,,,,,,,,,,,,,,,,,,,,,,,,,
2041M,特急 成田エクスプレス41号,,全日,,,,,,,,,,,,,,,,┐,(4),1633,||,||,レ,レ,レ,レ,レ,レ,レ,レ,レ,レ,レ,レ,レ,レ,レ,レ,レ,1725,1729,,,,,,,,,,,,,,,,,,,,,,,,,,,,,,,
1369M,普通,,全日,,,,,,,,,,,,,,,,,,,,,,,,,,,,1711,1713,1717,1721,1725,1729,1730,||,||,||,||,||,||,||,||,||,||,||,||,||,||,||,||,||,||,1735,1738,1742,1749,1754,,,,,,,,,,,,,
1586S,普通,,平日,,,,1538,1543,1546,1550,1555,1606,1619,||,||,||,||,1628,1636,(4),,,,,,,,,,,,,,,,,,,,,,,,,,,,,,,,,,,,,,,,,,,,,,,,,,,,,
1587F,快速,,平日,,,,,,,,,,,,,,,,┐,(4),1637,||,||,1645,1650,1655,1701,1704,1711,1715,,,,,,,,,,,,,,,,,,,,,,,,,,,,,,,,,,,,,,,,,,,
4587F,快速,,平日,,,,,,,,,,,,,,,,,,,,,,,,,,,┐,1719,レ,1724,1728,1732,1736,1743,1749,1756,1757,1809,1812,,,,,,,,,,,,,,,,,,,,,,,,,,,,,,,
2043M,特急 成田エクスプレス43号,,全日,,,,,,,1610,1616,1628,1639,||,||,||,||,1649,1656,(4),1703,||,||,レ,レ,レ,レ,レ,レ,1728,1728,レ,レ,レ,レ,レ,レ,レ,レ,レ,1754,1758,,,,,,,,,,,,,,,,,,,,,,,,,,,,,,,
2243M,特急 成田エクスプレス43号,,全日,★ 東京－成田空港間は2043M〔成田エクスプレス43号〕に併結,,,,,,,,,,,,1638,1644,レ,1700,(4),┘,,,,,,,,,,,,,,,,,,,,,,,,,,,,,,,,,,,,,,,,,,,,,,,,,,,,
371M,普通,,全日,,,,,,,,,,,,,,,,,,,,,,,,,,,,1734,1736,1740,1744,1748,1752,1753,||,||,||,||,||,||,||,||,||,||,||,||,||,||,||,||,||,||,1757,1802,1813,1824,1829,1830,1836,1841,1845,1849,1854,1858,1902,1905,1909,1915,1920,
2473M,普通,,全日,,,,,,,,,,,,,,,,,,,,,,,,,,,,,,,,,,,,,1809,||,||,1818,1825,1831,1837,1842,1843,1847,1852,1904,1909,1915,1919,1925,||,||,||,||,||,||,||,||,||,||,||,||,||,||,||,1930,1935,
1373M,普通,,全日,,,,,,,,,,,,,,,,,,,,,,,,,,,,1744,1746,1751,1755,＝,,,,,,,,,,,,,,,,,,,,,,,,,,,,,,,,,,,,,,
1576S,普通,,平日,,久里浜 1542,1552,1610,1614,1617,1621,1626,1638,1650,||,||,||,||,1700,1707,(4),,,,,,,,,,,,,,,,,,,,,,,,,,,,,,,,,,,,,,,,,,,,,,,,,,,,,
1577F,快速,,平日,,,,,,,,,,,,,,,,┐,(4),1709,||,||,1718,1722,1728,1734,1738,1745,1749,,,,,,,,,,,,,,,,,,,,,,,,,,,,,,,,,,,,,,,,,,,
4577F,快速,,平日,,,,,,,,,,,,,,,,,,,,,,,,,,,┐,1750,レ,1755,1759,1803,1807,1813,1819,1826,1828,1841,1844,,,,,,,,,,,,,,,,,,,,,,,,,,,,,,,
2245M,特急 成田エクスプレス45号,,全日,,,,,,,,,,,,,1709,1715,1724,1731,(4),,,,,,,,,,,,,,,,,,,,,,,,,,,,,,,,,,,,,,,,,,,,,,,,,,,,,
2045M,特急 成田エクスプレス45号,,全日,,,,,,,,,,,,,,,,┐,(4),1733,||,||,レ,レ,レ,レ,レ,レ,1758,1759,レ,レ,レ,レ,レ,レ,レ,レ,レ,1825,1829,,,,,,,,,,,,,,,,,,,,,,,,,,,,,,,
1375M,普通,,全日,,,,,,,,,,,,,,,,,,,,,,,,,,,,1802,1804,1808,1812,1816,1820,1821,||,||,||,||,||,||,||,||,||,||,||,||,||,||,||,||,||,||,1825,1829,1833,1840,1845,,,,,,,,,,,,,
475M,普通,,全日,,,,,,,,,,,,,,,,,,,,,,,,,,,,1810,1813,1817,1821,1826,1830,1833,1839,1846,1900,||,||,1907,1914,1920,1926,1930,1931,1935,1940,1945,1951,1956,2005,2010,||,||,||,||,||,||,||,||,||,||,||,||,||,||,||,2015,2020,
377M,普通,,全日,,,,,,,,,,,,,,,,,,,,,,,,,,,,1819,1821,1825,1830,1834,1838,1844,||,||,||,||,||,||,||,||,||,||,||,||,||,||,||,||,||,||,1849,1853,1857,1904,1909,1910,1916,1920,1925,1928,1933,1938,1941,1945,1948,1954,1959,
1379M,普通,,全日,,,,,,,,,,,,,,,,,,,,,,,,,,,,1832,1835,1839,1843,＝,,,,,,,,,,,,,,,,,,,,,,,,,,,,,,,,,,,,,,
1628S,普通,,平日,,,,1646,1650,1653,1658,1703,1715,1727,||,||,||,||,1738,1746,(4),,,,,,,,,,,,,,,,,,,,,,,,,,,,,,,,,,,,,,,,,,,,,,,,,,,,,
1629F,快速,,平日,,,,,,,,,,,,,,,,┐,(4),1750,||,||,1759,1804,1809,1815,1822,1830,1834,,,,,,,,,,,,,,,,,,,,,,,,,,,,,,,,,,,,,,,,,,,
4629F,快速,,平日,,,,,,,,,,,,,,,,,,,,,,,,,,,┐,1838,レ,1843,1847,1851,1855,1856,1902,1909,1912,1924,1927,,,,,,,,,,,,,,,,,,,,,,,,,,,,,,,
2047M,特急 成田エクスプレス47号,,全日,,,,,,,1710,1716,1728,1739,||,||,||,||,1749,1756,(4),1803,||,||,レ,レ,レ,レ,レ,レ,1828,1829,レ,レ,1835,レ,1841,1842,レ,1852,1853,1902,1906,,,,,,,,,,,,,,,,,,,,,,,,,,,,,,,
2247M,特急 成田エクスプレス47号,,全日,★ 東京－成田空港間は2047M〔成田エクスプレス47号〕に併結,,,,,,,,,,,,1739,1745,レ,1800,(4),┘,,,,,,,,,,,,,,,,,,,,,,,,,,,,,,,,,,,,,,,,,,,,,,,,,,,,
381M,普通,,全日,,,,,,,,,,,,,,,,,,,,,,,,,,,,1843,1845,1849,1853,1858,1901,1902,||,||,||,||,||,||,||,||,||,||,||,||,||,||,||,||,||,||,1907,1915,1919,1928,1934,1935,1940,1945,1950,1953,1959,2004,2007,2011,2015,2021,2026,
1666S,普通,,平日,,久里浜 1642,1652,1709,1713,1716,1721,1726,1737,1750,||,||,||,||,1759,1807,(4),,,,,,,,,,,,,,,,,,,,,,,,,,,,,,,,,,,,,,,,,,,,,,,,,,,,,
1667F,快速,,平日,,,,,,,,,,,,,,,,┐,(4),1808,||,||,1817,1822,1827,1833,1838,1846,1850,,,,,,,,,,,,,,,,,,,,,,,,,,,,,,,,,,,,,,,,,,,
4667F,快速,,平日,,,,,,,,,,,,,,,,,,,,,,,,,,,┐,1853,レ,1858,1902,1906,1910,1916,1923,1930,1932,1945,1948,,,,,,,,,,,,,,,,,,,,,,,,,,,,,,,
2545M,普通,,全日,★ 逗子－佐倉間は4667Fに併結,,,,,,,,,,,,,,,,,,,,,,,,,,,,,,,,┐,1920,1928,1935,1937,||,||,1945,1951,1957,2002,2007,2007,2012,・,・,・,・,・,・,・,・,・,・,・,・,・,・,・,・,・,・,・,・,・,・,・,鹿島神宮 2031
2249M,特急 成田エクスプレス49号,,全日,,,,,,,,,,,,,1809,1815,1824,1831,(4),,,,,,,,,,,,,,,,,,,,,,,,,,,,,,,,,,,,,,,,,,,,,,,,,,,,,
2049M,特急 成田エクスプレス49号,,全日,,,,,,,,,,,,,,,,┐,(4),1833,||,||,レ,レ,レ,レ,レ,レ,1859,1900,レ,レ,1906,レ,1913,1913,レ,1924,1925,1933,1936,,,,,,,,,,,,,,,,,,,,,,,,,,,,,,,
1383M,普通,,全日,,,,,,,,,,,,,,,,,,,,,,,,,,,,1902,1905,1909,1913,1918,1923,1925,||,||,||,||,||,||,||,||,||,||,||,||,||,||,||,||,||,||,1930,1933,1937,1944,1949,,,,,,,,,,,,,
1477M,普通,,全日,,,,,,,,,,,,,,,,,,,,,,,,,,,,1912,1914,1918,1922,1926,1930,1936,1942,1950,,,,,,,,,,,,,,,,,,,,,,,,,,,,,,,,,,
1746S,普通,,平日,,,,1743,1747,1750,1754,1759,1811,1823,||,||,||,||,1833,1840,(4),,,,,,,,,,,,,,,,,,,,,,,,,,,,,,,,,,,,,,,,,,,,,,,,,,,,,
1747F,快速,,平日,,,,,,,,,,,,,,,,┐,(4),1841,||,||,1850,1855,1903,1909,1913,1920,1924,,,,,,,,,,,,,,,,,,,,,,,,,,,,,,,,,,,,,,,,,,,
4747F,快速,,平日,,,,,,,,,,,,,,,,,,,,,,,,,,,┐,1925,レ,1930,1934,1938,1942,1947,1955,2002,2004,2018,2020,,,,,,,,,,,,,,,,,,,,,,,,,,,,,,,
2385M,普通,,全日,★ 逗子－佐倉間は4747Fに併結,,,,,,,,,,,,,,,,,,,,,,,,,,,,,,,,┐,1949,||,||,||,||,||,||,||,||,||,||,||,||,||,||,||,||,||,||,1955,1958,2003,2009,2014,,,,,,,,,,,,,
4007M,特急 しおさい7号,,平日,,,,,,,,,,,,,,,,,(2),1847,||,||,1855,レ,レ,1906,レ,レ,1918,1919,レ,レ,1926,レ,1932,1933,||,||,||,||,||,||,||,||,||,||,||,||,||,||,||,||,||,||,レ,レ,1944,レ,1954,1955,レ,2004,レ,2011,レ,2019,2023,レ,レ,レ,2036,
2051M,特急 成田エクスプレス51号,,全日,,,,,,,1810,1816,1828,1839,||,||,||,||,1849,1856,(4),1903,||,||,レ,レ,レ,レ,レ,レ,1930,1931,レ,レ,1938,レ,1944,1944,レ,1955,1957,2005,2009,,,,,,,,,,,,,,,,,,,,,,,,,,,,,,,
2251M,特急 成田エクスプレス51号,,全日,★ 東京－成田空港間は2051M〔成田エクスプレス51号〕に併結,,,,,,,,,,,,1839,1845,レ,1900,(4),┘,,,,,,,,,,,,,,,,,,,,,,,,,,,,,,,,,,,,,,,,,,,,,,,,,,,,
479M,普通,,全日,,,,,,,,,,,,,,,,,,,,,,,,,,,,1936,1938,1942,1946,1950,1954,1955,2002,2009,2009,||,||,2017,2024,2030,2034,2039,2040,2044,2049,2054,2100,2105,2109,2115,||,||,||,||,||,||,||,||,||,||,||,||,||,||,||,2120,2124,
387M,普通,,全日,,,,,,,,,,,,,,,,,,,,,,,,,,,,1944,1947,1950,1954,1959,2002,2010,||,||,||,||,||,||,||,||,||,||,||,||,||,||,||,||,||,||,2015,2020,2024,2030,2036,2040,2046,2051,2055,2059,2104,2109,2112,2116,2119,2125,2130,
1782S,普通,,平日,,久里浜 1740,1752,1809,1813,1816,1820,1825,1837,1849,||,||,||,||,1859,1907,(4),,,,,,,,,,,,,,,,,,,,,,,,,,,,,,,,,,,,,,,,,,,,,,,,,,,,,
1783F,快速,,平日,,,,,,,,,,,,,,,,┐,(4),1909,||,||,1917,1922,1927,1934,1938,1945,1949,,,,,,,,,,,,,,,,,,,,,,,,,,,,,,,,,,,,,,,,,,,
4783F,快速,,平日,,,,,,,,,,,,,,,,,,,,,,,,,,,┐,1950,レ,1955,1959,2003,2007,2008,2014,2021,2023,2036,2039,,,,,,,,,,,,,,,,,,,,,,,,,,,,,,,
1389M,普通,,全日,,,,,,,,,,,,,,,,,,,,,,,,,,,,1957,2000,2004,2007,＝,,,,,,,,,,,,,,,,,,,,,,,,,,,,,,,,,,,,,,
1836S,普通,,平日,,久里浜 1800,1810,1824,1828,1831,1839,1844,1855,1908,||,||,||,||,1917,1925,(4),,,,,,,,,,,,,,,,,,,,,,,,,,,,,,,,,,,,,,,,,,,,,,,,,,,,,
1837F,快速,,平日,,,,,,,,,,,,,,,,┐,(4),1926,||,||,1935,1940,1945,1951,1955,2003,2007,,,,,,,,,,,,,,,,,,,,,,,,,,,,,,,,,,,,,,,,,,,
4837F,快速,,全日,,,,,,,,,,,,,,,,,,,,,,,,,,,┐,2009,レ,2014,2017,2022,2026,2026,2033,2040,,,,,,,,,,,,,,,,,,,,,,,,,,,,,,,,,,
3547M,普通,,全日,,,,,,,,,,,,,,,,,,,,,,,,,,,,,,,,,,,,,2043,||,||,2050,2057,2103,2108,2112,2116,2121,・,・,・,・,・,・,・,・,・,・,・,・,・,・,・,・,・,・,・,・,・,・,・,鹿島神宮 2139
1391M,普通,,全日,,,,,,,,,,,,,,,,,,,,,,,,,,,,2013,2016,2020,2024,2028,2032,2040,||,||,||,||,||,||,||,||,||,||,||,||,||,||,||,||,||,||,2049,2052,2100,2107,2112,,,,,,,,,,,,,
4009M,特急 しおさい9号,,平日,,,,,,,,,,,,,,,,,(2),1945,||,||,1952,レ,レ,2004,レ,レ,2017,2019,レ,レ,2028,レ,2035,2036,||,||,||,||,||,||,||,||,||,||,||,||,||,||,||,||,||,||,レ,レ,2047,レ,2057,2058,レ,2107,レ,2114,レ,2123,2127,レ,レ,レ,2141,
1481M,普通,,全日,,,,,,,,,,,,,,,,,,,,,,,,,,,,2027,2029,2033,2037,2041,2046,2052,2058,2105,2109,2121,2124,,,,,,,,,,,,,,,,,,,,,,,,,,,,,,,
2053M,特急 成田エクスプレス53号,,平日,,,,,,,1910,1916,1928,1939,||,||,||,||,1949,1956,(4),2003,||,||,レ,レ,レ,レ,レ,レ,2035,2035,レ,レ,2042,レ,2048,2049,レ,2100,2100,2109,2113,,,,,,,,,,,,,,,,,,,,,,,,,,,,,,,
2253M,特急 成田エクスプレス53号,,全日,★ 東京－成田空港間は2053M〔成田エクスプレス53号〕に併結,,,,,,,,,,,,1939,1945,レ,2000,(4),┘,,,,,,,,,,,,,,,,,,,,,,,,,,,,,,,,,,,,,,,,,,,,,,,,,,,,
483M,普通,,全日,,,,,,,,,,,,,,,,,,,,,,,,,,,,2042,2045,2049,2053,2057,2101,2102,2109,2116,2123,||,||,2130,2137,2143,2148,2152,2153,2158,2206,2212,2217,2223,2227,2232,||,||,||,||,||,||,||,||,||,||,||,||,||,||,||,2237,2241,
393M,普通,,全日,,,,,,,,,,,,,,,,,,,,,,,,,,,,2054,2056,2100,2104,2108,2112,2112,||,||,||,||,||,||,||,||,||,||,||,||,||,||,||,||,||,||,2117,2121,2125,2131,2137,2138,2143,2148,2152,2156,2201,2206,2214,2219,2222,2229,2233,
1816S,普通,,平日,,久里浜 1838,1848,1907,1911,1914,1920,1925,1938,1950,||,||,||,||,2000,2008,(3),,,,,,,,,,,,,,,,,,,,,,,,,,,,,,,,,,,,,,,,,,,,,,,,,,,,,
1817F,快速,,平日,,,,,,,,,,,,,,,,┐,(3),2013,||,||,2022,2027,2036,2042,2046,2054,2058,,,,,,,,,,,,,,,,,,,,,,,,,,,,,,,,,,,,,,,,,,,
4817F,快速,,平日,,,,,,,,,,,,,,,,,,,,,,,,,,,┐,2100,レ,2105,2109,2113,2117,2117,2123,2130,2131,2140,2143,,,,,,,,,,,,,,,,,,,,,,,,,,,,,,,
1395M,普通,,全日,,,,,,,,,,,,,,,,,,,,,,,,,,,,2112,2114,2118,2122,2126,2130,2135,||,||,||,||,||,||,||,||,||,||,||,||,||,||,||,||,||,||,2139,2144,2148,2157,2203,,,,,,,,,,,,,
2077F,快速,,平日,,,,,,,,,,,,,,,,,(4),2041,||,||,2050,2055,2103,2109,2113,2121,2125,,,,,,,,,,,,,,,,,,,,,,,,,,,,,,,,,,,,,,,,,,,
5077F,快速,,平日,,,,,,,,,,,,,,,,,,,,,,,,,,,┐,2126,レ,2131,2135,2139,2144,,,,,,,,,,,,,,,,,,,,,,,,,,,,,,,,,,,,,
4011M,特急 しおさい11号,,平日,,,,,,,,,,,,,,,,,(2),2046,||,||,2054,レ,レ,2107,レ,レ,2119,2120,レ,レ,2126,レ,2133,,,,,,,,,,,,,,,,,,,,,,,,,,,,,,,,,,,,,
1485M,普通,,全日,,,,,,,,,,,,,,,,,,,,,,,,,,,,2130,2133,2136,2140,2145,2148,2149,2155,2202,2203,||,||,2210,2217,2226,2231,2235,,,,,,,,,,,,,,,,,,,,,,,,,,
397M,普通,,全日,,,,,,,,,,,,,,,,,,,,,,,,,,,,2135,2137,2141,2144,2149,2153,2158,||,||,||,||,||,||,||,||,||,||,||,||,||,||,||,||,||,||,2203,2208,2212,2218,2223,2224,2230,2236,2240,2244,2249,2254,2257,2301,2305,2311,2316,
1942S,普通,,平日,,,1945,1959,2003,2006,2013,2018,2030,2042,||,||,||,||,2052,2059,(4),,,,,,,,,,,,,,,,,,,,,,,,,,,,,,,,,,,,,,,,,,,,,,,,,,,,,
1943F,快速,,平日,,,,,,,,,,,,,,,,┐,(4),2100,||,||,2109,2113,2118,2124,2128,2135,2139,,,,,,,,,,,,,,,,,,,,,,,,,,,,,,,,,,,,,,,,,,,
4943F,快速,,全日,,,,,,,,,,,,,,,,,,,,,,,,,,,┐,2140,レ,2145,2149,2153,2157,,,,,,,,,,,,,,,,,,,,,,,,,,,,,,,,,,,,,
1399M,普通,,全日,,,,,,,,,,,,,,,,,,,,,,,,,,,,2157,2159,2203,2207,2211,2215,2216,||,||,||,||,||,||,||,||,||,||,||,||,||,||,||,||,||,||,2221,2225,2229,2235,2241,2250,2255,2300,＝,,,,,,,,,
1962S,普通,,平日,,久里浜 1956,2006,2023,2027,2030,2035,2040,2053,2105,||,||,||,||,2115,2123,(4),,,,,,,,,,,,,,,,,,,,,,,,,,,,,,,,,,,,,,,,,,,,,,,,,,,,,
1963F,快速,,平日,,,,,,,,,,,,,,,,┐,(4),2124,||,||,2133,2137,2142,2148,2152,2159,2203,,,,,,,,,,,,,,,,,,,,,,,,,,,,,,,,,,,,,,,,,,,
4963F,快速,,全日,,,,,,,,,,,,,,,,,,,,,,,,,,,┐,2204,レ,2208,2212,2216,2220,2221,2227,2234,2235,2244,2246,,,,,,,,,,,,,,,,,,,,,,,,,,,,,,,
2014S,普通,,平日,,久里浜 2009,2019,2037,2041,2044,2049,2054,2106,2118,||,||,||,||,2128,2135,(4),,,,,,,,,,,,,,,,,,,,,,,,,,,,,,,,,,,,,,,,,,,,,,,,,,,,,
2015F,快速,,平日,,,,,,,,,,,,,,,,┐,(4),2136,||,||,2145,2149,2157,2203,2207,2214,2218,,,,,,,,,,,,,,,,,,,,,,,,,,,,,,,,,,,,,,,,,,,
5015F,快速,,全日,,,,,,,,,,,,,,,,,,,,,,,,,,,┐,2220,レ,2225,2229,2233,2237,2238,2245,2252,,,,,,,,,,,,,,,,,,,,,,,,,,,,,,,,,,
4013M,特急 しおさい13号,,平日,,,,,,,,,,,,,,,,,(2),2141,||,||,2148,レ,レ,2201,レ,レ,2211,2212,レ,レ,2218,レ,2224,2225,||,||,||,||,||,||,||,||,||,||,||,||,||,||,||,||,||,||,レ,レ,2236,レ,2246,,,,,,,,,,,,,
487M,普通,,全日,,,,,,,,,,,,,,,,,,,,,,,,,,,,2226,2228,2232,2236,2240,2243,2244,2250,2257,2258,||,||,2306,2313,2319,2324,2329,2331,2335,2340,2346,2351,2357,0001,0007,||,||,||,||,||,||,||,||,||,||,||,||,||,||,||,0013,0017,
3321M,普通,,全日,,,,,,,,,,,,,,,,,,,,,,,,,,,,2233,2236,2239,2243,2247,2251,2257,||,||,||,||,||,||,||,||,||,||,||,||,||,||,||,||,||,||,2302,2306,2311,2317,2322,2323,2329,2333,2338,2341,2346,2351,2354,2358,0001,0008,0012,
2002S,普通,,平日,,,,2052,2057,2100,2104,2109,2121,2134,||,||,||,||,2147,2154,(4),,,,,,,,,,,,,,,,,,,,,,,,,,,,,,,,,,,,,,,,,,,,,,,,,,,,,
2003F,快速,,平日,,,,,,,,,,,,,,,,┐,(4),2157,||,||,2206,2210,2215,2221,2226,2233,2237,,,,,,,,,,,,,,,,,,,,,,,,,,,,,,,,,,,,,,,,,,,
5003F,快速,,平日,,,,,,,,,,,,,,,,,,,,,,,,,,,┐,2239,レ,2244,2247,2251,2255,,,,,,,,,,,,,,,,,,,,,,,,,,,,,,,,,,,,,
2064S,普通,,平日,,久里浜 2034,2045,2101,2105,2108,2114,2119,2132,2144,||,||,||,||,2157,2204,(4),,,,,,,,,,,,,,,,,,,,,,,,,,,,,,,,,,,,,,,,,,,,,,,,,,,,,
2065F,快速,,平日,,,,,,,,,,,,,,,,┐,(4),2207,||,||,2216,2220,2225,2231,2236,2243,2247,,,,,,,,,,,,,,,,,,,,,,,,,,,,,,,,,,,,,,,,,,,
5065F,快速,,全日,,,,,,,,,,,,,,,,,,,,,,,,,,,┐,2250,レ,2255,2258,2303,2307,2308,2314,2321,2322,2331,2334,,,,,,,,,,,,,,,,,,,,,,,,,,,,,,,
3323M,普通,,全日,,,,,,,,,,,,,,,,,,,,,,,,,,,,2305,2307,2311,2314,2318,2322,2323,||,||,||,||,||,||,||,||,||,||,||,||,||,||,||,||,||,||,2329,2332,2336,＝,,,,,,,,,,,,,,
1489M,普通,,全日,,,,,,,,,,,,,,,,,,,,,,,,,,,,2324,2326,2330,2334,2339,2343,2345,2351,2358,,,,,,,,,,,,,,,,,,,,,,,,,,,,,,,,,,
2283F,快速,,平日,,,,,,,,,,,,,,,,,(3),2257,||,||,2305,2310,2315,2321,2325,2331,2335,,,,,,,,,,,,,,,,,,,,,,,,,,,,,,,,,,,,,,,,,,,
2283F,快速,,時変 11月6日はこの時刻に変更,,,,,,,,,,,,,,,,,(2) 11月6日はこの時刻に変更,2257,||,||,2305,2310,2315,2321,2325,2331,2335,,,,,,,,,,,,,,,,,,,,,,,,,,,,,,,,,,,,,,,,,,,
5283F,快速,,平日,,,,,,,,,,,,,,,,,,,,,,,,,,,┐,2336,レ,2341,2345,2349,2353,,,,,,,,,,,,,,,,,,,,,,,,,,,,,,,,,,,,,
3325M,普通,,全日,,,,,,,,,,,,,,,,,,,,,,,,,,,,2350,2352,2356,0000,0004,0008,0009,||,||,||,||,||,||,||,||,||,||,||,||,||,||,||,||,||,||,0014,0018,0022,0028,0033,,,,,,,,,,,,,
1421M,普通,,全日,,,,,,,,,,,,,,,,,,,,,,,,,,,,0005,0008,0011,0015,0019,0023,0023,0030,0037,,,,,,,,,,,,,,,,,,,,,,,,,,,,,,,,,,
